title,link,description,pub_date,source
"Kansas City Chiefs superfan who became a fugitive after bank robbery charge has been caught in California, feds say - CNN",https://news.google.com/rss/articles/CBMiXGh0dHBzOi8vd3d3LmNubi5jb20vMjAyMy8wNy8xMS91cy9rYW5zYXMtY2l0eS1jaGllZi1zdXBlcmZhbi1jaGFyZ2VkLWJhbmstcm9iYmVyeS9pbmRleC5odG1s0gFgaHR0cHM6Ly9hbXAuY25uLmNvbS9jbm4vMjAyMy8wNy8xMS91cy9rYW5zYXMtY2l0eS1jaGllZi1zdXBlcmZhbi1jaGFyZ2VkLWJhbmstcm9iYmVyeS9pbmRleC5odG1s?oc=5," href=""https://news.google.com/rss/articles/CBMiXGh0dHBzOi8vd3d3LmNubi5jb20vMjAyMy8wNy8xMS91cy9rYW5zYXMtY2l0eS1jaGllZi1zdXBlcmZhbi1jaGFyZ2VkLWJhbmstcm9iYmVyeS9pbmRleC5odG1s0gFgaHR0cHM6Ly9hbXAuY25uLmNvbS9jbm4vMjAyMy8wNy8xMS91cy9rYW5zYXMtY2l0eS1jaGllZi1zdXBlcmZhbi1jaGFyZ2VkLWJhbmstcm9iYmVyeS9pbmRleC5odG1s?oc=5"" target=""_blank"">Kansas City Chiefs superfan who became a fugitive after bank robbery charge has been caught in California, feds say</a>&nbsp;&nbsp;<font color=""#6f6f6f"">CNN</font",2023-07-11 07:00:00+00:00,CNN
Kansas City Chiefs superfan 'ChiefsAholic' arrested on bank robbery ... - USA TODAY,https://news.google.com/rss/articles/CBMiigFodHRwczovL3d3dy51c2F0b2RheS5jb20vc3Rvcnkvc3BvcnRzL25mbC9jaGllZnMvMjAyMy8wNy8xMC9jaGllZnMtc3VwZXJmYW4tY2hpZWZzYWhvbGljLWFycmVzdGVkLWJhbmstcm9iYmVyeS1jaGFyZ2UtZmxlZWluZy83MDM5OTU4NzAwNy_SAQA?oc=5," href=""https://news.google.com/rss/articles/CBMiigFodHRwczovL3d3dy51c2F0b2RheS5jb20vc3Rvcnkvc3BvcnRzL25mbC9jaGllZnMvMjAyMy8wNy8xMC9jaGllZnMtc3VwZXJmYW4tY2hpZWZzYWhvbGljLWFycmVzdGVkLWJhbmstcm9iYmVyeS1jaGFyZ2UtZmxlZWluZy83MDM5OTU4NzAwNy_SAQA?oc=5"" target=""_blank"">Kansas City Chiefs superfan 'ChiefsAholic' arrested on bank robbery ...</a>&nbsp;&nbsp;<font color=""#6f6f6f"">USA TODAY</font",2023-07-10 07:00:00+00:00,USA TODAY
K.C. Chiefs superfan went on bank robbery spree in many states ... - Star Tribune,https://news.google.com/rss/articles/CBMifmh0dHBzOi8vd3d3LnN0YXJ0cmlidW5lLmNvbS9rYy1jaGllZnMtc3VwZXJmYW4tYmFuay1yb2JiZXJ5LXNwcmVlLW1pbm5lc290YS1jaGFyZ2VzLWFsbGVnZS1uZmwtY2hpZWZzYWhvbGljLWJhYnVkYXIvNjAwMjg5NDI4L9IBAA?oc=5," href=""https://news.google.com/rss/articles/CBMifmh0dHBzOi8vd3d3LnN0YXJ0cmlidW5lLmNvbS9rYy1jaGllZnMtc3VwZXJmYW4tYmFuay1yb2JiZXJ5LXNwcmVlLW1pbm5lc290YS1jaGFyZ2VzLWFsbGVnZS1uZmwtY2hpZWZzYWhvbGljLWJhYnVkYXIvNjAwMjg5NDI4L9IBAA?oc=5"" target=""_blank"">K.C. Chiefs superfan went on bank robbery spree in many states ...</a>&nbsp;&nbsp;<font color=""#6f6f6f"">Star Tribune</font",2023-07-13 14:42:56+00:00,Star Tribune
Atlanta Nail First salon robbery ends with customers ignoring suspect - USA TODAY,https://news.google.com/rss/articles/CBMicmh0dHBzOi8vd3d3LnVzYXRvZGF5LmNvbS9zdG9yeS9uZXdzL25hdGlvbi8yMDIzLzA3LzA3L2F0bGFudGEtcm9iYmVyeS1uYWlsLXNhbG9uLXZpZGVvLWNhbG0tY3VzdG9tZXJzLzcwMzkzMTY1MDA3L9IBAA?oc=5," href=""https://news.google.com/rss/articles/CBMicmh0dHBzOi8vd3d3LnVzYXRvZGF5LmNvbS9zdG9yeS9uZXdzL25hdGlvbi8yMDIzLzA3LzA3L2F0bGFudGEtcm9iYmVyeS1uYWlsLXNhbG9uLXZpZGVvLWNhbG0tY3VzdG9tZXJzLzcwMzkzMTY1MDA3L9IBAA?oc=5"" target=""_blank"">Atlanta Nail First salon robbery ends with customers ignoring suspect</a>&nbsp;&nbsp;<font color=""#6f6f6f"">USA TODAY</font",2023-07-07 07:00:00+00:00,USA TODAY
Nail salon robbery goes awry as customers completely ignore demands - CNN,https://news.google.com/rss/articles/CBMiWWh0dHBzOi8vd3d3LmNubi5jb20vdmlkZW9zL3VzLzIwMjMvMDcvMDcvYXRsYW50YS1hdHRlbXB0ZWQtcm9iYmVyeS1mYWlsLWNwcm9nLW9yaWctamMuY25u0gFdaHR0cHM6Ly9hbXAuY25uLmNvbS9jbm4vdmlkZW9zL3VzLzIwMjMvMDcvMDcvYXRsYW50YS1hdHRlbXB0ZWQtcm9iYmVyeS1mYWlsLWNwcm9nLW9yaWctamMuY25u?oc=5," href=""https://news.google.com/rss/articles/CBMiWWh0dHBzOi8vd3d3LmNubi5jb20vdmlkZW9zL3VzLzIwMjMvMDcvMDcvYXRsYW50YS1hdHRlbXB0ZWQtcm9iYmVyeS1mYWlsLWNwcm9nLW9yaWctamMuY25u0gFdaHR0cHM6Ly9hbXAuY25uLmNvbS9jbm4vdmlkZW9zL3VzLzIwMjMvMDcvMDcvYXRsYW50YS1hdHRlbXB0ZWQtcm9iYmVyeS1mYWlsLWNwcm9nLW9yaWctamMuY25u?oc=5"" target=""_blank"">Nail salon robbery goes awry as customers completely ignore demands</a>&nbsp;&nbsp;<font color=""#6f6f6f"">CNN</font",2023-07-07 07:00:00+00:00,CNN
"Failed Robbery: Atlanta nail salon employees ignore demands, sends robber fleeing - CBS News",https://news.google.com/rss/articles/CBMiVmh0dHBzOi8vd3d3LmNic25ld3MuY29tL21pYW1pL25ld3MvbWFuLWF0dGVtcHRzLXRvLXJvYi1uYWlsLXNhbG9uLWVtcGxveWVlcy1jdXN0b21lcnMv0gFaaHR0cHM6Ly93d3cuY2JzbmV3cy5jb20vYW1wL21pYW1pL25ld3MvbWFuLWF0dGVtcHRzLXRvLXJvYi1uYWlsLXNhbG9uLWVtcGxveWVlcy1jdXN0b21lcnMv?oc=5," href=""https://news.google.com/rss/articles/CBMiVmh0dHBzOi8vd3d3LmNic25ld3MuY29tL21pYW1pL25ld3MvbWFuLWF0dGVtcHRzLXRvLXJvYi1uYWlsLXNhbG9uLWVtcGxveWVlcy1jdXN0b21lcnMv0gFaaHR0cHM6Ly93d3cuY2JzbmV3cy5jb20vYW1wL21pYW1pL25ld3MvbWFuLWF0dGVtcHRzLXRvLXJvYi1uYWlsLXNhbG9uLWVtcGxveWVlcy1jdXN0b21lcnMv?oc=5"" target=""_blank"">Failed Robbery: Atlanta nail salon employees ignore demands, sends robber fleeing</a>&nbsp;&nbsp;<font color=""#6f6f6f"">CBS News</font",2023-07-08 12:06:00+00:00,CBS News
2 Central Ohio men arrested in robbery incident that resulted in ... - Department of Justice,https://news.google.com/rss/articles/CBMie2h0dHBzOi8vd3d3Lmp1c3RpY2UuZ292L3VzYW8tc2RvaC9wci8yLWNlbnRyYWwtb2hpby1tZW4tYXJyZXN0ZWQtcm9iYmVyeS1pbmNpZGVudC1yZXN1bHRlZC1zaG9vdGluZy1jb2x1bWJ1cy1wb2xpY2Utb2ZmaWNlctIBAA?oc=5," href=""https://news.google.com/rss/articles/CBMie2h0dHBzOi8vd3d3Lmp1c3RpY2UuZ292L3VzYW8tc2RvaC9wci8yLWNlbnRyYWwtb2hpby1tZW4tYXJyZXN0ZWQtcm9iYmVyeS1pbmNpZGVudC1yZXN1bHRlZC1zaG9vdGluZy1jb2x1bWJ1cy1wb2xpY2Utb2ZmaWNlctIBAA?oc=5"" target=""_blank"">2 Central Ohio men arrested in robbery incident that resulted in ...</a>&nbsp;&nbsp;<font color=""#6f6f6f"">Department of Justice</font",2023-07-08 07:00:00+00:00,Department of Justice
"Serial bank robbery suspect arrested near US-59 and Buffalo Speedway in southwest Houston after brief chase, police say - KTRK-TV",https://news.google.com/rss/articles/CBMiZGh0dHBzOi8vYWJjMTMuY29tL2Jhbmstb2YtYW1lcmljYS1yb2JiZXJ5LW9uLWxvbmctcG9pbnQtcm9iYmVkLXN1c3BlY3QtZm91bmQtY3Jhc2hlcy11cy01OS8xMzUwMjY4My_SAWhodHRwczovL2FiYzEzLmNvbS9hbXAvYmFuay1vZi1hbWVyaWNhLXJvYmJlcnktb24tbG9uZy1wb2ludC1yb2JiZWQtc3VzcGVjdC1mb3VuZC1jcmFzaGVzLXVzLTU5LzEzNTAyNjgzLw?oc=5," href=""https://news.google.com/rss/articles/CBMiZGh0dHBzOi8vYWJjMTMuY29tL2Jhbmstb2YtYW1lcmljYS1yb2JiZXJ5LW9uLWxvbmctcG9pbnQtcm9iYmVkLXN1c3BlY3QtZm91bmQtY3Jhc2hlcy11cy01OS8xMzUwMjY4My_SAWhodHRwczovL2FiYzEzLmNvbS9hbXAvYmFuay1vZi1hbWVyaWNhLXJvYmJlcnktb24tbG9uZy1wb2ludC1yb2JiZWQtc3VzcGVjdC1mb3VuZC1jcmFzaGVzLXVzLTU5LzEzNTAyNjgzLw?oc=5"" target=""_blank"">Serial bank robbery suspect arrested near US-59 and Buffalo Speedway in southwest Houston after brief chase, police say</a>&nbsp;&nbsp;<font color=""#6f6f6f"">KTRK-TV</font",2023-07-14 18:33:45+00:00,KTRK-TV
Attempted ATM robbery turns deadly when victim fatally shoots 2 would-be attackers - KIRO Seattle,https://news.google.com/rss/articles/CBMikgFodHRwczovL3d3dy5raXJvNy5jb20vbmV3cy90cmVuZGluZy9hdHRlbXB0ZWQtYXRtLXJvYmJlcnktdHVybnMtZGVhZGx5LXdoZW4tdmljdGltLWZhdGFsbHktc2hvb3RzLTItd291bGQtYmUtYXR0YWNrZXJzLzU2U1VMS0ZFTFpIU1pNUkRYVkdNR1daWFdRL9IBoQFodHRwczovL3d3dy5raXJvNy5jb20vbmV3cy90cmVuZGluZy9hdHRlbXB0ZWQtYXRtLXJvYmJlcnktdHVybnMtZGVhZGx5LXdoZW4tdmljdGltLWZhdGFsbHktc2hvb3RzLTItd291bGQtYmUtYXR0YWNrZXJzLzU2U1VMS0ZFTFpIU1pNUkRYVkdNR1daWFdRLz9vdXRwdXRUeXBlPWFtcA?oc=5," href=""https://news.google.com/rss/articles/CBMikgFodHRwczovL3d3dy5raXJvNy5jb20vbmV3cy90cmVuZGluZy9hdHRlbXB0ZWQtYXRtLXJvYmJlcnktdHVybnMtZGVhZGx5LXdoZW4tdmljdGltLWZhdGFsbHktc2hvb3RzLTItd291bGQtYmUtYXR0YWNrZXJzLzU2U1VMS0ZFTFpIU1pNUkRYVkdNR1daWFdRL9IBoQFodHRwczovL3d3dy5raXJvNy5jb20vbmV3cy90cmVuZGluZy9hdHRlbXB0ZWQtYXRtLXJvYmJlcnktdHVybnMtZGVhZGx5LXdoZW4tdmljdGltLWZhdGFsbHktc2hvb3RzLTItd291bGQtYmUtYXR0YWNrZXJzLzU2U1VMS0ZFTFpIU1pNUkRYVkdNR1daWFdRLz9vdXRwdXRUeXBlPWFtcA?oc=5"" target=""_blank"">Attempted ATM robbery turns deadly when victim fatally shoots 2 would-be attackers</a>&nbsp;&nbsp;<font color=""#6f6f6f"">KIRO Seattle</font",2023-07-08 07:00:00+00:00,KIRO Seattle
Blueface Arrested in Las Vegas for Robbery - Billboard,https://news.google.com/rss/articles/CBMiWmh0dHBzOi8vd3d3LmJpbGxib2FyZC5jb20vbXVzaWMvcmItaGlwLWhvcC9ibHVlZmFjZS1hcnJlc3RlZC1sYXMtdmVnYXMtcm9iYmVyeS0xMjM1MzQ4NjY0L9IBXmh0dHBzOi8vd3d3LmJpbGxib2FyZC5jb20vbXVzaWMvcmItaGlwLWhvcC9ibHVlZmFjZS1hcnJlc3RlZC1sYXMtdmVnYXMtcm9iYmVyeS0xMjM1MzQ4NjY0L2FtcC8?oc=5," href=""https://news.google.com/rss/articles/CBMiWmh0dHBzOi8vd3d3LmJpbGxib2FyZC5jb20vbXVzaWMvcmItaGlwLWhvcC9ibHVlZmFjZS1hcnJlc3RlZC1sYXMtdmVnYXMtcm9iYmVyeS0xMjM1MzQ4NjY0L9IBXmh0dHBzOi8vd3d3LmJpbGxib2FyZC5jb20vbXVzaWMvcmItaGlwLWhvcC9ibHVlZmFjZS1hcnJlc3RlZC1sYXMtdmVnYXMtcm9iYmVyeS0xMjM1MzQ4NjY0L2FtcC8?oc=5"" target=""_blank"">Blueface Arrested in Las Vegas for Robbery</a>&nbsp;&nbsp;<font color=""#6f6f6f"">Billboard</font",2023-06-07 07:00:00+00:00,Billboard
Holyoke Police searching for robbery suspect - WWLP.com,https://news.google.com/rss/articles/CBMiTWh0dHBzOi8vd3d3Lnd3bHAuY29tL25ld3MvY3JpbWUvaG9seW9rZS1wb2xpY2Utc2VhcmNoaW5nLWZvci1yb2JiZXJ5LXN1c3BlY3Qv0gFRaHR0cHM6Ly93d3cud3dscC5jb20vbmV3cy9jcmltZS9ob2x5b2tlLXBvbGljZS1zZWFyY2hpbmctZm9yLXJvYmJlcnktc3VzcGVjdC9hbXAv?oc=5," href=""https://news.google.com/rss/articles/CBMiTWh0dHBzOi8vd3d3Lnd3bHAuY29tL25ld3MvY3JpbWUvaG9seW9rZS1wb2xpY2Utc2VhcmNoaW5nLWZvci1yb2JiZXJ5LXN1c3BlY3Qv0gFRaHR0cHM6Ly93d3cud3dscC5jb20vbmV3cy9jcmltZS9ob2x5b2tlLXBvbGljZS1zZWFyY2hpbmctZm9yLXJvYmJlcnktc3VzcGVjdC9hbXAv?oc=5"" target=""_blank"">Holyoke Police searching for robbery suspect</a>&nbsp;&nbsp;<font color=""#6f6f6f"">WWLP.com</font",2023-07-16 11:46:48+00:00,WWLP.com
Bank robbery suspect arrested after high-speed chase - WSPA 7News,https://news.google.com/rss/articles/CBMiWmh0dHBzOi8vd3d3LndzcGEuY29tL25ld3MvbG9jYWwtbmV3cy9iYW5rLXJvYmJlcnktc3VzcGVjdC1hcnJlc3RlZC1hZnRlci1oaWdoLXNwZWVkLWNoYXNlL9IBXmh0dHBzOi8vd3d3LndzcGEuY29tL25ld3MvbG9jYWwtbmV3cy9iYW5rLXJvYmJlcnktc3VzcGVjdC1hcnJlc3RlZC1hZnRlci1oaWdoLXNwZWVkLWNoYXNlL2FtcC8?oc=5," href=""https://news.google.com/rss/articles/CBMiWmh0dHBzOi8vd3d3LndzcGEuY29tL25ld3MvbG9jYWwtbmV3cy9iYW5rLXJvYmJlcnktc3VzcGVjdC1hcnJlc3RlZC1hZnRlci1oaWdoLXNwZWVkLWNoYXNlL9IBXmh0dHBzOi8vd3d3LndzcGEuY29tL25ld3MvbG9jYWwtbmV3cy9iYW5rLXJvYmJlcnktc3VzcGVjdC1hcnJlc3RlZC1hZnRlci1oaWdoLXNwZWVkLWNoYXNlL2FtcC8?oc=5"" target=""_blank"">Bank robbery suspect arrested after high-speed chase</a>&nbsp;&nbsp;<font color=""#6f6f6f"">WSPA 7News</font",2023-06-01 07:00:00+00:00,WSPA 7News
Andrews Man Sentenced to Life Imprisonment for Robbery and ... - Department of Justice,https://news.google.com/rss/articles/CBMieWh0dHBzOi8vd3d3Lmp1c3RpY2UuZ292L3VzYW8tc2MvcHIvYW5kcmV3cy1tYW4tc2VudGVuY2VkLWxpZmUtaW1wcmlzb25tZW50LXJvYmJlcnktYW5kLW11cmRlci1wb3N0YWwtY2Fycmllci1jby1kZWZlbmRhbnTSAQA?oc=5," href=""https://news.google.com/rss/articles/CBMieWh0dHBzOi8vd3d3Lmp1c3RpY2UuZ292L3VzYW8tc2MvcHIvYW5kcmV3cy1tYW4tc2VudGVuY2VkLWxpZmUtaW1wcmlzb25tZW50LXJvYmJlcnktYW5kLW11cmRlci1wb3N0YWwtY2Fycmllci1jby1kZWZlbmRhbnTSAQA?oc=5"" target=""_blank"">Andrews Man Sentenced to Life Imprisonment for Robbery and ...</a>&nbsp;&nbsp;<font color=""#6f6f6f"">Department of Justice</font",2023-06-23 07:00:00+00:00,Department of Justice
TPD says gas station clerk planned robbery to leave work early - KTUL,https://news.google.com/rss/articles/CBMiWmh0dHBzOi8va3R1bC5jb20vbmV3cy9sb2NhbC90cGQtc2F5cy1nYXMtc3RhdGlvbi1jbGVyay1wbGFubmVkLXJvYmJlcnktdG8tbGVhdmUtd29yay1lYXJsedIBAA?oc=5," href=""https://news.google.com/rss/articles/CBMiWmh0dHBzOi8va3R1bC5jb20vbmV3cy9sb2NhbC90cGQtc2F5cy1nYXMtc3RhdGlvbi1jbGVyay1wbGFubmVkLXJvYmJlcnktdG8tbGVhdmUtd29yay1lYXJsedIBAA?oc=5"" target=""_blank"">TPD says gas station clerk planned robbery to leave work early</a>&nbsp;&nbsp;<font color=""#6f6f6f"">KTUL</font",2023-06-16 07:00:00+00:00,KTUL
Surveillance video released of home invasion robbery in Rockville - FOX 5 DC,https://news.google.com/rss/articles/CBMiXWh0dHBzOi8vd3d3LmZveDVkYy5jb20vbmV3cy9zdXJ2ZWlsbGFuY2UtdmlkZW8tcmVsZWFzZWQtb2YtaG9tZS1pbnZhc2lvbi1yb2JiZXJ5LWluLXJvY2t2aWxsZdIBYWh0dHBzOi8vd3d3LmZveDVkYy5jb20vbmV3cy9zdXJ2ZWlsbGFuY2UtdmlkZW8tcmVsZWFzZWQtb2YtaG9tZS1pbnZhc2lvbi1yb2JiZXJ5LWluLXJvY2t2aWxsZS5hbXA?oc=5," href=""https://news.google.com/rss/articles/CBMiXWh0dHBzOi8vd3d3LmZveDVkYy5jb20vbmV3cy9zdXJ2ZWlsbGFuY2UtdmlkZW8tcmVsZWFzZWQtb2YtaG9tZS1pbnZhc2lvbi1yb2JiZXJ5LWluLXJvY2t2aWxsZdIBYWh0dHBzOi8vd3d3LmZveDVkYy5jb20vbmV3cy9zdXJ2ZWlsbGFuY2UtdmlkZW8tcmVsZWFzZWQtb2YtaG9tZS1pbnZhc2lvbi1yb2JiZXJ5LWluLXJvY2t2aWxsZS5hbXA?oc=5"" target=""_blank"">Surveillance video released of home invasion robbery in Rockville</a>&nbsp;&nbsp;<font color=""#6f6f6f"">FOX 5 DC</font",2023-07-19 14:40:55+00:00,FOX 5 DC
Sanford bank robbery sparks investigation near Bank of America - WKMG News 6 & ClickOrlando,https://news.google.com/rss/articles/CBMicmh0dHBzOi8vd3d3LmNsaWNrb3JsYW5kby5jb20vbmV3cy9sb2NhbC8yMDIzLzA3LzA1L3NhbmZvcmQtYmFuay1yb2JiZXJ5LXNwYXJrcy1pbnZlc3RpZ2F0aW9uLW5lYXItYmFuay1vZi1hbWVyaWNhL9IBAA?oc=5," href=""https://news.google.com/rss/articles/CBMicmh0dHBzOi8vd3d3LmNsaWNrb3JsYW5kby5jb20vbmV3cy9sb2NhbC8yMDIzLzA3LzA1L3NhbmZvcmQtYmFuay1yb2JiZXJ5LXNwYXJrcy1pbnZlc3RpZ2F0aW9uLW5lYXItYmFuay1vZi1hbWVyaWNhL9IBAA?oc=5"" target=""_blank"">Sanford bank robbery sparks investigation near Bank of America</a>&nbsp;&nbsp;<font color=""#6f6f6f"">WKMG News 6 & ClickOrlando</font",2023-07-05 07:00:00+00:00,WKMG News 6 & ClickOrlando
Suspect in Chattanooga Regions Bank robbery identified as man ... - Chattanooga Times Free Press,https://news.google.com/rss/articles/CBMiVGh0dHBzOi8vd3d3LnRpbWVzZnJlZXByZXNzLmNvbS9uZXdzLzIwMjMvanVuLzA4L3N1c3BlY3QtaW4tcmVnaW9ucy1iYW5rLXJvYmJlcnktdGZwL9IBAA?oc=5," href=""https://news.google.com/rss/articles/CBMiVGh0dHBzOi8vd3d3LnRpbWVzZnJlZXByZXNzLmNvbS9uZXdzLzIwMjMvanVuLzA4L3N1c3BlY3QtaW4tcmVnaW9ucy1iYW5rLXJvYmJlcnktdGZwL9IBAA?oc=5"" target=""_blank"">Suspect in Chattanooga Regions Bank robbery identified as man ...</a>&nbsp;&nbsp;<font color=""#6f6f6f"">Chattanooga Times Free Press</font",2023-06-08 07:00:00+00:00,Chattanooga Times Free Press
Lululemon stands by decision to fire employees who intervened in robbery - CNN,https://news.google.com/rss/articles/CBMiWWh0dHBzOi8vd3d3LmNubi5jb20vMjAyMy8wNi8wNi9idXNpbmVzcy9sdWx1bGVtb24tZmlyZXMtZW1wbG95ZWVzLXN0b3Atcm9iYmVyeS9pbmRleC5odG1s0gFdaHR0cHM6Ly9hbXAuY25uLmNvbS9jbm4vMjAyMy8wNi8wNi9idXNpbmVzcy9sdWx1bGVtb24tZmlyZXMtZW1wbG95ZWVzLXN0b3Atcm9iYmVyeS9pbmRleC5odG1s?oc=5," href=""https://news.google.com/rss/articles/CBMiWWh0dHBzOi8vd3d3LmNubi5jb20vMjAyMy8wNi8wNi9idXNpbmVzcy9sdWx1bGVtb24tZmlyZXMtZW1wbG95ZWVzLXN0b3Atcm9iYmVyeS9pbmRleC5odG1s0gFdaHR0cHM6Ly9hbXAuY25uLmNvbS9jbm4vMjAyMy8wNi8wNi9idXNpbmVzcy9sdWx1bGVtb24tZmlyZXMtZW1wbG95ZWVzLXN0b3Atcm9iYmVyeS9pbmRleC5odG1s?oc=5"" target=""_blank"">Lululemon stands by decision to fire employees who intervened in robbery</a>&nbsp;&nbsp;<font color=""#6f6f6f"">CNN</font",2023-06-07 07:00:00+00:00,CNN
Batesville Men Sentenced to Prison for Robbery of Postal Worker - Department of Justice,https://news.google.com/rss/articles/CBMiWmh0dHBzOi8vd3d3Lmp1c3RpY2UuZ292L3VzYW8tbmRtcy9wci9iYXRlc3ZpbGxlLW1lbi1zZW50ZW5jZWQtcHJpc29uLXJvYmJlcnktcG9zdGFsLXdvcmtlctIBAA?oc=5," href=""https://news.google.com/rss/articles/CBMiWmh0dHBzOi8vd3d3Lmp1c3RpY2UuZ292L3VzYW8tbmRtcy9wci9iYXRlc3ZpbGxlLW1lbi1zZW50ZW5jZWQtcHJpc29uLXJvYmJlcnktcG9zdGFsLXdvcmtlctIBAA?oc=5"" target=""_blank"">Batesville Men Sentenced to Prison for Robbery of Postal Worker</a>&nbsp;&nbsp;<font color=""#6f6f6f"">Department of Justice</font",2023-06-15 07:00:00+00:00,Department of Justice
Damien Boyce Indianapolis: Man charged with armed robbery after asking victim Amber Beraun out on social media - WLS-TV,https://news.google.com/rss/articles/CBMiVmh0dHBzOi8vYWJjN2NoaWNhZ28uY29tL2FybWVkLXJvYmJlcnktYW1iZXItYmVyYXVuLWRhbWllbi1ib3ljZS1pbmRpYW5hcG9saXMvMTM0MjQ3MDMv0gFaaHR0cHM6Ly9hYmM3Y2hpY2Fnby5jb20vYW1wL2FybWVkLXJvYmJlcnktYW1iZXItYmVyYXVuLWRhbWllbi1ib3ljZS1pbmRpYW5hcG9saXMvMTM0MjQ3MDMv?oc=5," href=""https://news.google.com/rss/articles/CBMiVmh0dHBzOi8vYWJjN2NoaWNhZ28uY29tL2FybWVkLXJvYmJlcnktYW1iZXItYmVyYXVuLWRhbWllbi1ib3ljZS1pbmRpYW5hcG9saXMvMTM0MjQ3MDMv0gFaaHR0cHM6Ly9hYmM3Y2hpY2Fnby5jb20vYW1wL2FybWVkLXJvYmJlcnktYW1iZXItYmVyYXVuLWRhbWllbi1ib3ljZS1pbmRpYW5hcG9saXMvMTM0MjQ3MDMv?oc=5"" target=""_blank"">Damien Boyce Indianapolis: Man charged with armed robbery after asking victim Amber Beraun out on social media</a>&nbsp;&nbsp;<font color=""#6f6f6f"">WLS-TV</font",2023-06-25 07:00:00+00:00,WLS-TV
New York man sentenced to 30 years for murder of Stamford jeweler - FOX61 Hartford,https://news.google.com/rss/articles/CBMilQFodHRwczovL3d3dy5mb3g2MS5jb20vYXJ0aWNsZS9uZXdzL2xvY2FsL25ldy15b3JrLW1hbi1zZW50ZW5jZWQtMzAteWVhcnMtZm9yLXJvYmJlcnktbXVyZGVyLXN0YW1mb3JkLWpld2VsZXIvNTIwLWMzZTUzNzE4LTQ2MTItNGJkMy04OWMzLTMwMjU3MTAzNjdiMdIBmQFodHRwczovL3d3dy5mb3g2MS5jb20vYW1wL2FydGljbGUvbmV3cy9sb2NhbC9uZXcteW9yay1tYW4tc2VudGVuY2VkLTMwLXllYXJzLWZvci1yb2JiZXJ5LW11cmRlci1zdGFtZm9yZC1qZXdlbGVyLzUyMC1jM2U1MzcxOC00NjEyLTRiZDMtODljMy0zMDI1NzEwMzY3YjE?oc=5," href=""https://news.google.com/rss/articles/CBMilQFodHRwczovL3d3dy5mb3g2MS5jb20vYXJ0aWNsZS9uZXdzL2xvY2FsL25ldy15b3JrLW1hbi1zZW50ZW5jZWQtMzAteWVhcnMtZm9yLXJvYmJlcnktbXVyZGVyLXN0YW1mb3JkLWpld2VsZXIvNTIwLWMzZTUzNzE4LTQ2MTItNGJkMy04OWMzLTMwMjU3MTAzNjdiMdIBmQFodHRwczovL3d3dy5mb3g2MS5jb20vYW1wL2FydGljbGUvbmV3cy9sb2NhbC9uZXcteW9yay1tYW4tc2VudGVuY2VkLTMwLXllYXJzLWZvci1yb2JiZXJ5LW11cmRlci1zdGFtZm9yZC1qZXdlbGVyLzUyMC1jM2U1MzcxOC00NjEyLTRiZDMtODljMy0zMDI1NzEwMzY3YjE?oc=5"" target=""_blank"">New York man sentenced to 30 years for murder of Stamford jeweler</a>&nbsp;&nbsp;<font color=""#6f6f6f"">FOX61 Hartford</font",2023-07-05 07:00:00+00:00,FOX61 Hartford
‘You was too pretty to rob’: man accused of armed robbery asked the woman out on Facebook the same day - FOX 59 Indianapolis,https://news.google.com/rss/articles/CBMihQFodHRwczovL2ZveDU5LmNvbS9uZXdzL2luZHljcmltZS95b3Utd2FzLXRvby1wcmV0dHktdG8tcm9iLW1hbi1hY2N1c2VkLW9mLWFybWVkLXJvYmJlcnktYXNrZWQtdGhlLXdvbWFuLW91dC1vbi1mYWNlYm9vay10aGUtc2FtZS1kYXkv0gGJAWh0dHBzOi8vZm94NTkuY29tL25ld3MvaW5keWNyaW1lL3lvdS13YXMtdG9vLXByZXR0eS10by1yb2ItbWFuLWFjY3VzZWQtb2YtYXJtZWQtcm9iYmVyeS1hc2tlZC10aGUtd29tYW4tb3V0LW9uLWZhY2Vib29rLXRoZS1zYW1lLWRheS9hbXAv?oc=5," href=""https://news.google.com/rss/articles/CBMihQFodHRwczovL2ZveDU5LmNvbS9uZXdzL2luZHljcmltZS95b3Utd2FzLXRvby1wcmV0dHktdG8tcm9iLW1hbi1hY2N1c2VkLW9mLWFybWVkLXJvYmJlcnktYXNrZWQtdGhlLXdvbWFuLW91dC1vbi1mYWNlYm9vay10aGUtc2FtZS1kYXkv0gGJAWh0dHBzOi8vZm94NTkuY29tL25ld3MvaW5keWNyaW1lL3lvdS13YXMtdG9vLXByZXR0eS10by1yb2ItbWFuLWFjY3VzZWQtb2YtYXJtZWQtcm9iYmVyeS1hc2tlZC10aGUtd29tYW4tb3V0LW9uLWZhY2Vib29rLXRoZS1zYW1lLWRheS9hbXAv?oc=5"" target=""_blank"">‘You was too pretty to rob’: man accused of armed robbery asked the woman out on Facebook the same day</a>&nbsp;&nbsp;<font color=""#6f6f6f"">FOX 59 Indianapolis</font",2023-06-27 07:00:00+00:00,FOX 59 Indianapolis
U.S. Postal carrier robbed at gunpoint in North Hollywood - KTLA Los Angeles,https://news.google.com/rss/articles/CBMicGh0dHBzOi8va3RsYS5jb20vbmV3cy9sb2NhbC1uZXdzLzUwMDAwLXJld2FyZC1vZmZlcmVkLWluLWFybWVkLXJvYmJlcnktb2YtdS1zLXBvc3RhbC1jYXJyaWVyLWluLW5vcnRoLWhvbGx5d29vZC_SAXRodHRwczovL2t0bGEuY29tL25ld3MvbG9jYWwtbmV3cy81MDAwMC1yZXdhcmQtb2ZmZXJlZC1pbi1hcm1lZC1yb2JiZXJ5LW9mLXUtcy1wb3N0YWwtY2Fycmllci1pbi1ub3J0aC1ob2xseXdvb2QvYW1wLw?oc=5," href=""https://news.google.com/rss/articles/CBMicGh0dHBzOi8va3RsYS5jb20vbmV3cy9sb2NhbC1uZXdzLzUwMDAwLXJld2FyZC1vZmZlcmVkLWluLWFybWVkLXJvYmJlcnktb2YtdS1zLXBvc3RhbC1jYXJyaWVyLWluLW5vcnRoLWhvbGx5d29vZC_SAXRodHRwczovL2t0bGEuY29tL25ld3MvbG9jYWwtbmV3cy81MDAwMC1yZXdhcmQtb2ZmZXJlZC1pbi1hcm1lZC1yb2JiZXJ5LW9mLXUtcy1wb3N0YWwtY2Fycmllci1pbi1ub3J0aC1ob2xseXdvb2QvYW1wLw?oc=5"" target=""_blank"">U.S. Postal carrier robbed at gunpoint in North Hollywood</a>&nbsp;&nbsp;<font color=""#6f6f6f"">KTLA Los Angeles</font",2023-07-14 02:28:36+00:00,KTLA Los Angeles
Brazen robbery unfolds at Rodeo Jewelers in La Verne; employee injured - CBS News,https://news.google.com/rss/articles/CBMiX2h0dHBzOi8vd3d3LmNic25ld3MuY29tL2xvc2FuZ2VsZXMvbmV3cy9sYS12ZXJuZS1yb2JiZXJzLXJhbS10aHJvdWdoLXN0b3JlZnJvbnQtc21hc2gtYW5kLWdyYWIv0gFjaHR0cHM6Ly93d3cuY2JzbmV3cy5jb20vYW1wL2xvc2FuZ2VsZXMvbmV3cy9sYS12ZXJuZS1yb2JiZXJzLXJhbS10aHJvdWdoLXN0b3JlZnJvbnQtc21hc2gtYW5kLWdyYWIv?oc=5," href=""https://news.google.com/rss/articles/CBMiX2h0dHBzOi8vd3d3LmNic25ld3MuY29tL2xvc2FuZ2VsZXMvbmV3cy9sYS12ZXJuZS1yb2JiZXJzLXJhbS10aHJvdWdoLXN0b3JlZnJvbnQtc21hc2gtYW5kLWdyYWIv0gFjaHR0cHM6Ly93d3cuY2JzbmV3cy5jb20vYW1wL2xvc2FuZ2VsZXMvbmV3cy9sYS12ZXJuZS1yb2JiZXJzLXJhbS10aHJvdWdoLXN0b3JlZnJvbnQtc21hc2gtYW5kLWdyYWIv?oc=5"" target=""_blank"">Brazen robbery unfolds at Rodeo Jewelers in La Verne; employee injured</a>&nbsp;&nbsp;<font color=""#6f6f6f"">CBS News</font",2023-07-03 07:00:00+00:00,CBS News
ATM ambush: FBI seeks 2 who robbed armored truck guard at Miami ... - WPLG Local 10,https://news.google.com/rss/articles/CBMiemh0dHBzOi8vd3d3LmxvY2FsMTAuY29tL25ld3MvbG9jYWwvMjAyMy8wNy8yMC9hdG0tYW1idXNoLWZiaS1zZWVrcy0yLXdoby1yb2JiZWQtYXJtb3JlZC10cnVjay1ndWFyZC1hdC1taWFtaS1nYXJkZW5zLWJhbmsv0gEA?oc=5," href=""https://news.google.com/rss/articles/CBMiemh0dHBzOi8vd3d3LmxvY2FsMTAuY29tL25ld3MvbG9jYWwvMjAyMy8wNy8yMC9hdG0tYW1idXNoLWZiaS1zZWVrcy0yLXdoby1yb2JiZWQtYXJtb3JlZC10cnVjay1ndWFyZC1hdC1taWFtaS1nYXJkZW5zLWJhbmsv0gEA?oc=5"" target=""_blank"">ATM ambush: FBI seeks 2 who robbed armored truck guard at Miami ...</a>&nbsp;&nbsp;<font color=""#6f6f6f"">WPLG Local 10</font",2023-07-20 22:12:53+00:00,WPLG Local 10
Sheriff’s Office asks for help identifying suspect after Crossville gas station robbed - WATE 6 On Your Side,https://news.google.com/rss/articles/CBMihwFodHRwczovL3d3dy53YXRlLmNvbS9uZXdzL2N1bWJlcmxhbmQtY291bnR5LW5ld3Mvc2hlcmlmZnMtb2ZmaWNlLWFza3MtZm9yLWhlbHAtaWRlbnRpZnlpbmctc3VzcGVjdC1hZnRlci1jcm9zc3ZpbGxlLWdhcy1zdGF0aW9uLXJvYmJlZC_SAYsBaHR0cHM6Ly93d3cud2F0ZS5jb20vbmV3cy9jdW1iZXJsYW5kLWNvdW50eS1uZXdzL3NoZXJpZmZzLW9mZmljZS1hc2tzLWZvci1oZWxwLWlkZW50aWZ5aW5nLXN1c3BlY3QtYWZ0ZXItY3Jvc3N2aWxsZS1nYXMtc3RhdGlvbi1yb2JiZWQvYW1wLw?oc=5," href=""https://news.google.com/rss/articles/CBMihwFodHRwczovL3d3dy53YXRlLmNvbS9uZXdzL2N1bWJlcmxhbmQtY291bnR5LW5ld3Mvc2hlcmlmZnMtb2ZmaWNlLWFza3MtZm9yLWhlbHAtaWRlbnRpZnlpbmctc3VzcGVjdC1hZnRlci1jcm9zc3ZpbGxlLWdhcy1zdGF0aW9uLXJvYmJlZC_SAYsBaHR0cHM6Ly93d3cud2F0ZS5jb20vbmV3cy9jdW1iZXJsYW5kLWNvdW50eS1uZXdzL3NoZXJpZmZzLW9mZmljZS1hc2tzLWZvci1oZWxwLWlkZW50aWZ5aW5nLXN1c3BlY3QtYWZ0ZXItY3Jvc3N2aWxsZS1nYXMtc3RhdGlvbi1yb2JiZWQvYW1wLw?oc=5"" target=""_blank"">Sheriff’s Office asks for help identifying suspect after Crossville gas station robbed</a>&nbsp;&nbsp;<font color=""#6f6f6f"">WATE 6 On Your Side</font",2023-06-13 07:00:00+00:00,WATE 6 On Your Side
"Bank robbery suspect arraigned, held without bail | Local News ... - The Daily News of Newburyport",https://news.google.com/rss/articles/CBMikgFodHRwczovL3d3dy5uZXdidXJ5cG9ydG5ld3MuY29tL25ld3MvbG9jYWxfbmV3cy9iYW5rLXJvYmJlcnktc3VzcGVjdC1hcnJhaWduZWQtaGVsZC13aXRob3V0LWJhaWwvYXJ0aWNsZV8zNWZjYzg1MC0wYTA2LTExZWUtYTlhYS0wN2RlZjMxOGQ0N2MuaHRtbNIBAA?oc=5," href=""https://news.google.com/rss/articles/CBMikgFodHRwczovL3d3dy5uZXdidXJ5cG9ydG5ld3MuY29tL25ld3MvbG9jYWxfbmV3cy9iYW5rLXJvYmJlcnktc3VzcGVjdC1hcnJhaWduZWQtaGVsZC13aXRob3V0LWJhaWwvYXJ0aWNsZV8zNWZjYzg1MC0wYTA2LTExZWUtYTlhYS0wN2RlZjMxOGQ0N2MuaHRtbNIBAA?oc=5"" target=""_blank"">Bank robbery suspect arraigned, held without bail | Local News ...</a>&nbsp;&nbsp;<font color=""#6f6f6f"">The Daily News of Newburyport</font",2023-06-13 07:00:00+00:00,The Daily News of Newburyport
"Construction worker shot, killed during attempted robbery on Howard University campus: police - FOX 5 DC",https://news.google.com/rss/articles/CBMiZ2h0dHBzOi8vd3d3LmZveDVkYy5jb20vbmV3cy9tYW4tc2hvdC1raWxsZWQtZHVyaW5nLWF0dGVtcHRlZC1yb2JiZXJ5LW9uLWhvd2FyZC11bml2ZXJzaXR5LWNhbXB1cy1wb2xpY2XSAWtodHRwczovL3d3dy5mb3g1ZGMuY29tL25ld3MvbWFuLXNob3Qta2lsbGVkLWR1cmluZy1hdHRlbXB0ZWQtcm9iYmVyeS1vbi1ob3dhcmQtdW5pdmVyc2l0eS1jYW1wdXMtcG9saWNlLmFtcA?oc=5," href=""https://news.google.com/rss/articles/CBMiZ2h0dHBzOi8vd3d3LmZveDVkYy5jb20vbmV3cy9tYW4tc2hvdC1raWxsZWQtZHVyaW5nLWF0dGVtcHRlZC1yb2JiZXJ5LW9uLWhvd2FyZC11bml2ZXJzaXR5LWNhbXB1cy1wb2xpY2XSAWtodHRwczovL3d3dy5mb3g1ZGMuY29tL25ld3MvbWFuLXNob3Qta2lsbGVkLWR1cmluZy1hdHRlbXB0ZWQtcm9iYmVyeS1vbi1ob3dhcmQtdW5pdmVyc2l0eS1jYW1wdXMtcG9saWNlLmFtcA?oc=5"" target=""_blank"">Construction worker shot, killed during attempted robbery on Howard University campus: police</a>&nbsp;&nbsp;<font color=""#6f6f6f"">FOX 5 DC</font",2023-07-13 07:00:00+00:00,FOX 5 DC
"Manhattan robbery spree suspects stole nearly $20,000 since April, NYPD says - CBS News",https://news.google.com/rss/articles/CBMib2h0dHBzOi8vd3d3LmNic25ld3MuY29tL25ld3lvcmsvbmV3cy9tYW5oYXR0YW4tcm9iYmVyeS1zcHJlZS1zdXNwZWN0cy1zdG9sZS1uZWFybHktMjAwMDAtc2luY2UtYXByaWwtbnlwZC1zYXlzL9IBc2h0dHBzOi8vd3d3LmNic25ld3MuY29tL2FtcC9uZXd5b3JrL25ld3MvbWFuaGF0dGFuLXJvYmJlcnktc3ByZWUtc3VzcGVjdHMtc3RvbGUtbmVhcmx5LTIwMDAwLXNpbmNlLWFwcmlsLW55cGQtc2F5cy8?oc=5," href=""https://news.google.com/rss/articles/CBMib2h0dHBzOi8vd3d3LmNic25ld3MuY29tL25ld3lvcmsvbmV3cy9tYW5oYXR0YW4tcm9iYmVyeS1zcHJlZS1zdXNwZWN0cy1zdG9sZS1uZWFybHktMjAwMDAtc2luY2UtYXByaWwtbnlwZC1zYXlzL9IBc2h0dHBzOi8vd3d3LmNic25ld3MuY29tL2FtcC9uZXd5b3JrL25ld3MvbWFuaGF0dGFuLXJvYmJlcnktc3ByZWUtc3VzcGVjdHMtc3RvbGUtbmVhcmx5LTIwMDAwLXNpbmNlLWFwcmlsLW55cGQtc2F5cy8?oc=5"" target=""_blank"">Manhattan robbery spree suspects stole nearly $20,000 since April, NYPD says</a>&nbsp;&nbsp;<font color=""#6f6f6f"">CBS News</font",2023-06-04 07:00:00+00:00,CBS News
"Attempted Fullerton robbery caught on camera: ROK marines veteran fights off crooks who followed him to Orange County, CA home - WLS-TV",https://news.google.com/rss/articles/CBMiXWh0dHBzOi8vYWJjN2NoaWNhZ28uY29tL2Z1bGxlcnRvbi1yb2JiZXJ5LWNhdWdodC1vbi1jYW1lcmEtcm9rLW1hcmluZXMtcGVwcGVyLXNwcmF5LzEzMzUwOTIyL9IBYWh0dHBzOi8vYWJjN2NoaWNhZ28uY29tL2FtcC9mdWxsZXJ0b24tcm9iYmVyeS1jYXVnaHQtb24tY2FtZXJhLXJvay1tYXJpbmVzLXBlcHBlci1zcHJheS8xMzM1MDkyMi8?oc=5," href=""https://news.google.com/rss/articles/CBMiXWh0dHBzOi8vYWJjN2NoaWNhZ28uY29tL2Z1bGxlcnRvbi1yb2JiZXJ5LWNhdWdodC1vbi1jYW1lcmEtcm9rLW1hcmluZXMtcGVwcGVyLXNwcmF5LzEzMzUwOTIyL9IBYWh0dHBzOi8vYWJjN2NoaWNhZ28uY29tL2FtcC9mdWxsZXJ0b24tcm9iYmVyeS1jYXVnaHQtb24tY2FtZXJhLXJvay1tYXJpbmVzLXBlcHBlci1zcHJheS8xMzM1MDkyMi8?oc=5"" target=""_blank"">Attempted Fullerton robbery caught on camera: ROK marines veteran fights off crooks who followed him to Orange County, CA home</a>&nbsp;&nbsp;<font color=""#6f6f6f"">WLS-TV</font",2023-06-06 07:00:00+00:00,WLS-TV
1 injured after early morning robbery at a Bloomfield business - FOX61 Hartford,https://news.google.com/rss/articles/CBMieGh0dHBzOi8vd3d3LmZveDYxLmNvbS9hcnRpY2xlL25ld3MvY3JpbWUvYmxvb21maWVsZC1hcm1lZC1yb2JiZXJ5LWludmVzdGlnYXRpb24vNTIwLTFmYjNkNzc3LTlhYTctNDljYi1iYmI1LTZiNzY1ZjA3MWQ0MtIBfGh0dHBzOi8vd3d3LmZveDYxLmNvbS9hbXAvYXJ0aWNsZS9uZXdzL2NyaW1lL2Jsb29tZmllbGQtYXJtZWQtcm9iYmVyeS1pbnZlc3RpZ2F0aW9uLzUyMC0xZmIzZDc3Ny05YWE3LTQ5Y2ItYmJiNS02Yjc2NWYwNzFkNDI?oc=5," href=""https://news.google.com/rss/articles/CBMieGh0dHBzOi8vd3d3LmZveDYxLmNvbS9hcnRpY2xlL25ld3MvY3JpbWUvYmxvb21maWVsZC1hcm1lZC1yb2JiZXJ5LWludmVzdGlnYXRpb24vNTIwLTFmYjNkNzc3LTlhYTctNDljYi1iYmI1LTZiNzY1ZjA3MWQ0MtIBfGh0dHBzOi8vd3d3LmZveDYxLmNvbS9hbXAvYXJ0aWNsZS9uZXdzL2NyaW1lL2Jsb29tZmllbGQtYXJtZWQtcm9iYmVyeS1pbnZlc3RpZ2F0aW9uLzUyMC0xZmIzZDc3Ny05YWE3LTQ5Y2ItYmJiNS02Yjc2NWYwNzFkNDI?oc=5"" target=""_blank"">1 injured after early morning robbery at a Bloomfield business</a>&nbsp;&nbsp;<font color=""#6f6f6f"">FOX61 Hartford</font",2023-06-23 07:00:00+00:00,FOX61 Hartford
Dramatic surveillance video shows masked robbers storm south suburban jewelry store at gunpoint - NBC Chicago,https://news.google.com/rss/articles/CBMijgFodHRwczovL3d3dy5uYmNjaGljYWdvLmNvbS9uZXdzL2xvY2FsL2RyYW1hdGljLXN1cnZlaWxsYW5jZS12aWRlby1zaG93cy1tYXNrZWQtcm9iYmVycy1zdG9ybS1zb3V0aC1zdWJ1cmJhbi1qZXdlbHJ5LXN0b3JlLWF0LWd1bnBvaW50LzMxODcwOTgv0gGUAWh0dHBzOi8vd3d3Lm5iY2NoaWNhZ28uY29tL25ld3MvbG9jYWwvZHJhbWF0aWMtc3VydmVpbGxhbmNlLXZpZGVvLXNob3dzLW1hc2tlZC1yb2JiZXJzLXN0b3JtLXNvdXRoLXN1YnVyYmFuLWpld2Vscnktc3RvcmUtYXQtZ3VucG9pbnQvMzE4NzA5OC8_YW1wPTE?oc=5," href=""https://news.google.com/rss/articles/CBMijgFodHRwczovL3d3dy5uYmNjaGljYWdvLmNvbS9uZXdzL2xvY2FsL2RyYW1hdGljLXN1cnZlaWxsYW5jZS12aWRlby1zaG93cy1tYXNrZWQtcm9iYmVycy1zdG9ybS1zb3V0aC1zdWJ1cmJhbi1qZXdlbHJ5LXN0b3JlLWF0LWd1bnBvaW50LzMxODcwOTgv0gGUAWh0dHBzOi8vd3d3Lm5iY2NoaWNhZ28uY29tL25ld3MvbG9jYWwvZHJhbWF0aWMtc3VydmVpbGxhbmNlLXZpZGVvLXNob3dzLW1hc2tlZC1yb2JiZXJzLXN0b3JtLXNvdXRoLXN1YnVyYmFuLWpld2Vscnktc3RvcmUtYXQtZ3VucG9pbnQvMzE4NzA5OC8_YW1wPTE?oc=5"" target=""_blank"">Dramatic surveillance video shows masked robbers storm south suburban jewelry store at gunpoint</a>&nbsp;&nbsp;<font color=""#6f6f6f"">NBC Chicago</font",2023-07-15 02:46:38+00:00,NBC Chicago
Authorities release photos of suspect in Geneva bank robbery - KSNB,https://news.google.com/rss/articles/CBMiYmh0dHBzOi8vd3d3LmtzbmJsb2NhbDQuY29tLzIwMjMvMDcvMTIvYXV0aG9yaXRpZXMtcmVsZWFzZS1zdXNwZWN0LWRlc2NyaXB0aW9uLWdlbmV2YS1iYW5rLXJvYmJlcnkv0gFxaHR0cHM6Ly93d3cua3NuYmxvY2FsNC5jb20vMjAyMy8wNy8xMi9hdXRob3JpdGllcy1yZWxlYXNlLXN1c3BlY3QtZGVzY3JpcHRpb24tZ2VuZXZhLWJhbmstcm9iYmVyeS8_b3V0cHV0VHlwZT1hbXA?oc=5," href=""https://news.google.com/rss/articles/CBMiYmh0dHBzOi8vd3d3LmtzbmJsb2NhbDQuY29tLzIwMjMvMDcvMTIvYXV0aG9yaXRpZXMtcmVsZWFzZS1zdXNwZWN0LWRlc2NyaXB0aW9uLWdlbmV2YS1iYW5rLXJvYmJlcnkv0gFxaHR0cHM6Ly93d3cua3NuYmxvY2FsNC5jb20vMjAyMy8wNy8xMi9hdXRob3JpdGllcy1yZWxlYXNlLXN1c3BlY3QtZGVzY3JpcHRpb24tZ2VuZXZhLWJhbmstcm9iYmVyeS8_b3V0cHV0VHlwZT1hbXA?oc=5"" target=""_blank"">Authorities release photos of suspect in Geneva bank robbery</a>&nbsp;&nbsp;<font color=""#6f6f6f"">KSNB</font",2023-07-12 15:16:00+00:00,KSNB
"2 men shot and killed following robbery at Lancaster motel, authorities say - KABC-TV",https://news.google.com/rss/articles/CBMiQmh0dHBzOi8vYWJjNy5jb20vbGFuY2FzdGVyLWRlYWRseS1zaG9vdGluZy1tb3RlbC1yb2JiZXJ5LzEzMzU4Nzc5L9IBRmh0dHBzOi8vYWJjNy5jb20vYW1wL2xhbmNhc3Rlci1kZWFkbHktc2hvb3RpbmctbW90ZWwtcm9iYmVyeS8xMzM1ODc3OS8?oc=5," href=""https://news.google.com/rss/articles/CBMiQmh0dHBzOi8vYWJjNy5jb20vbGFuY2FzdGVyLWRlYWRseS1zaG9vdGluZy1tb3RlbC1yb2JiZXJ5LzEzMzU4Nzc5L9IBRmh0dHBzOi8vYWJjNy5jb20vYW1wL2xhbmNhc3Rlci1kZWFkbHktc2hvb3RpbmctbW90ZWwtcm9iYmVyeS8xMzM1ODc3OS8?oc=5"" target=""_blank"">2 men shot and killed following robbery at Lancaster motel, authorities say</a>&nbsp;&nbsp;<font color=""#6f6f6f"">KABC-TV</font",2023-06-08 07:00:00+00:00,KABC-TV
Suspect in custody after robbery at Pembroke Pines shopping plaza - CBS News,https://news.google.com/rss/articles/CBMib2h0dHBzOi8vd3d3LmNic25ld3MuY29tL21pYW1pL25ld3Mvc3VzcGVjdC1zb3VnaHQtZm9sbG93aW5nLWF0dGVtcHRlZC1yb2JiZXJ5LWF0LXBlbWJyb2tlLXBpbmVzLXNob3BwaW5nLXBsYXphL9IBc2h0dHBzOi8vd3d3LmNic25ld3MuY29tL2FtcC9taWFtaS9uZXdzL3N1c3BlY3Qtc291Z2h0LWZvbGxvd2luZy1hdHRlbXB0ZWQtcm9iYmVyeS1hdC1wZW1icm9rZS1waW5lcy1zaG9wcGluZy1wbGF6YS8?oc=5," href=""https://news.google.com/rss/articles/CBMib2h0dHBzOi8vd3d3LmNic25ld3MuY29tL21pYW1pL25ld3Mvc3VzcGVjdC1zb3VnaHQtZm9sbG93aW5nLWF0dGVtcHRlZC1yb2JiZXJ5LWF0LXBlbWJyb2tlLXBpbmVzLXNob3BwaW5nLXBsYXphL9IBc2h0dHBzOi8vd3d3LmNic25ld3MuY29tL2FtcC9taWFtaS9uZXdzL3N1c3BlY3Qtc291Z2h0LWZvbGxvd2luZy1hdHRlbXB0ZWQtcm9iYmVyeS1hdC1wZW1icm9rZS1waW5lcy1zaG9wcGluZy1wbGF6YS8?oc=5"" target=""_blank"">Suspect in custody after robbery at Pembroke Pines shopping plaza</a>&nbsp;&nbsp;<font color=""#6f6f6f"">CBS News</font",2023-06-07 07:00:00+00:00,CBS News
"Witness, suspect exchange gunfire in River Grove after postal worker targeted in armed robbery - NBC Chicago",https://news.google.com/rss/articles/CBMijAFodHRwczovL3d3dy5uYmNjaGljYWdvLmNvbS9uZXdzL2xvY2FsL3dpdG5lc3Mtc3VzcGVjdC1leGNoYW5nZS1ndW5maXJlLWluLXJpdmVyLWdyb3ZlLWFmdGVyLXBvc3RhbC13b3JrZXItdGFyZ2V0ZWQtaW4tYXJtZWQtcm9iYmVyeS8zMTg5MzY4L9IBkgFodHRwczovL3d3dy5uYmNjaGljYWdvLmNvbS9uZXdzL2xvY2FsL3dpdG5lc3Mtc3VzcGVjdC1leGNoYW5nZS1ndW5maXJlLWluLXJpdmVyLWdyb3ZlLWFmdGVyLXBvc3RhbC13b3JrZXItdGFyZ2V0ZWQtaW4tYXJtZWQtcm9iYmVyeS8zMTg5MzY4Lz9hbXA9MQ?oc=5," href=""https://news.google.com/rss/articles/CBMijAFodHRwczovL3d3dy5uYmNjaGljYWdvLmNvbS9uZXdzL2xvY2FsL3dpdG5lc3Mtc3VzcGVjdC1leGNoYW5nZS1ndW5maXJlLWluLXJpdmVyLWdyb3ZlLWFmdGVyLXBvc3RhbC13b3JrZXItdGFyZ2V0ZWQtaW4tYXJtZWQtcm9iYmVyeS8zMTg5MzY4L9IBkgFodHRwczovL3d3dy5uYmNjaGljYWdvLmNvbS9uZXdzL2xvY2FsL3dpdG5lc3Mtc3VzcGVjdC1leGNoYW5nZS1ndW5maXJlLWluLXJpdmVyLWdyb3ZlLWFmdGVyLXBvc3RhbC13b3JrZXItdGFyZ2V0ZWQtaW4tYXJtZWQtcm9iYmVyeS8zMTg5MzY4Lz9hbXA9MQ?oc=5"" target=""_blank"">Witness, suspect exchange gunfire in River Grove after postal worker targeted in armed robbery</a>&nbsp;&nbsp;<font color=""#6f6f6f"">NBC Chicago</font",2023-07-19 03:23:54+00:00,NBC Chicago
Wanted: Suspect for Commercial Robbery in the 19th District [VIDEO ... - Philly Police Blotter,https://news.google.com/rss/articles/CBMicmh0dHBzOi8vYmxvdHRlci5zaXRlcy5waGlsbHlwb2xpY2UuY29tLzIwMjMvMDcvd2FudGVkLXN1c3BlY3QtZm9yLWNvbW1lcmNpYWwtcm9iYmVyeS1pbi10aGUtMTl0aC1kaXN0cmljdC12aWRlby0yL9IBAA?oc=5," href=""https://news.google.com/rss/articles/CBMicmh0dHBzOi8vYmxvdHRlci5zaXRlcy5waGlsbHlwb2xpY2UuY29tLzIwMjMvMDcvd2FudGVkLXN1c3BlY3QtZm9yLWNvbW1lcmNpYWwtcm9iYmVyeS1pbi10aGUtMTl0aC1kaXN0cmljdC12aWRlby0yL9IBAA?oc=5"" target=""_blank"">Wanted: Suspect for Commercial Robbery in the 19th District [VIDEO ...</a>&nbsp;&nbsp;<font color=""#6f6f6f"">Philly Police Blotter</font",2023-07-03 07:00:00+00:00,Philly Police Blotter
"Kids duct taped, dad pistol-whipped during robbery in Morganton, police say - WSOC Charlotte",https://news.google.com/rss/articles/CBMihAFodHRwczovL3d3dy53c29jdHYuY29tL25ld3MvbG9jYWwva2lkcy1kdWN0LXRhcGVkLWRhZC1waXN0b2wtd2hpcHBlZC1kdXJpbmctcm9iYmVyeS1tb3JnYW50b24tcG9saWNlLXNheS9VSVlVV0JQNklGQVozQU9HRFlGRFE3VFRISS_SAZMBaHR0cHM6Ly93d3cud3NvY3R2LmNvbS9uZXdzL2xvY2FsL2tpZHMtZHVjdC10YXBlZC1kYWQtcGlzdG9sLXdoaXBwZWQtZHVyaW5nLXJvYmJlcnktbW9yZ2FudG9uLXBvbGljZS1zYXkvVUlZVVdCUDZJRkFaM0FPR0RZRkRRN1RUSEkvP291dHB1dFR5cGU9YW1w?oc=5," href=""https://news.google.com/rss/articles/CBMihAFodHRwczovL3d3dy53c29jdHYuY29tL25ld3MvbG9jYWwva2lkcy1kdWN0LXRhcGVkLWRhZC1waXN0b2wtd2hpcHBlZC1kdXJpbmctcm9iYmVyeS1tb3JnYW50b24tcG9saWNlLXNheS9VSVlVV0JQNklGQVozQU9HRFlGRFE3VFRISS_SAZMBaHR0cHM6Ly93d3cud3NvY3R2LmNvbS9uZXdzL2xvY2FsL2tpZHMtZHVjdC10YXBlZC1kYWQtcGlzdG9sLXdoaXBwZWQtZHVyaW5nLXJvYmJlcnktbW9yZ2FudG9uLXBvbGljZS1zYXkvVUlZVVdCUDZJRkFaM0FPR0RZRkRRN1RUSEkvP291dHB1dFR5cGU9YW1w?oc=5"" target=""_blank"">Kids duct taped, dad pistol-whipped during robbery in Morganton, police say</a>&nbsp;&nbsp;<font color=""#6f6f6f"">WSOC Charlotte</font",2023-07-10 07:00:00+00:00,WSOC Charlotte
Kim Kardashian Is Grateful Paris Robbery Happened to Her ... - PEOPLE,https://news.google.com/rss/articles/CBMiX2h0dHBzOi8vcGVvcGxlLmNvbS9raW0ta2FyZGFzaGlhbi1pcy1ncmF0ZWZ1bC1wYXJpcy1yb2JiZXJ5LWhhcHBlbmVkLXRvLWhlci1ub3Qtc2lzdGVycy03NTU0OTg10gEA?oc=5," href=""https://news.google.com/rss/articles/CBMiX2h0dHBzOi8vcGVvcGxlLmNvbS9raW0ta2FyZGFzaGlhbi1pcy1ncmF0ZWZ1bC1wYXJpcy1yb2JiZXJ5LWhhcHBlbmVkLXRvLWhlci1ub3Qtc2lzdGVycy03NTU0OTg10gEA?oc=5"" target=""_blank"">Kim Kardashian Is Grateful Paris Robbery Happened to Her ...</a>&nbsp;&nbsp;<font color=""#6f6f6f"">PEOPLE</font",2023-06-29 07:00:00+00:00,PEOPLE
State Police Investigating Bank Robbery - Delaware State Police ... - Delaware.gov,https://news.google.com/rss/articles/CBMiTGh0dHBzOi8vZHNwLmRlbGF3YXJlLmdvdi8yMDIzLzA2LzIzL3N0YXRlLXBvbGljZS1pbnZlc3RpZ2F0aW5nLWJhbmstcm9iYmVyeS_SAQA?oc=5," href=""https://news.google.com/rss/articles/CBMiTGh0dHBzOi8vZHNwLmRlbGF3YXJlLmdvdi8yMDIzLzA2LzIzL3N0YXRlLXBvbGljZS1pbnZlc3RpZ2F0aW5nLWJhbmstcm9iYmVyeS_SAQA?oc=5"" target=""_blank"">State Police Investigating Bank Robbery - Delaware State Police ...</a>&nbsp;&nbsp;<font color=""#6f6f6f"">Delaware.gov</font",2023-06-23 07:00:00+00:00,Delaware.gov
State police investigating Upper Mount Bethel Township bank robbery - lehighvalleylive.com,https://news.google.com/rss/articles/CBMidmh0dHBzOi8vd3d3LmxlaGlnaHZhbGxleWxpdmUuY29tL25ld3MvMjAyMy8wNy9zdGF0ZS1wb2xpY2UtaW52ZXN0aWdhdGluZy11cHBlci1tb3VudC1iZXRoZWwtdG93bnNoaXAtYmFuay1yb2JiZXJ5Lmh0bWzSAYUBaHR0cHM6Ly93d3cubGVoaWdodmFsbGV5bGl2ZS5jb20vbmV3cy8yMDIzLzA3L3N0YXRlLXBvbGljZS1pbnZlc3RpZ2F0aW5nLXVwcGVyLW1vdW50LWJldGhlbC10b3duc2hpcC1iYW5rLXJvYmJlcnkuaHRtbD9vdXRwdXRUeXBlPWFtcA?oc=5," href=""https://news.google.com/rss/articles/CBMidmh0dHBzOi8vd3d3LmxlaGlnaHZhbGxleWxpdmUuY29tL25ld3MvMjAyMy8wNy9zdGF0ZS1wb2xpY2UtaW52ZXN0aWdhdGluZy11cHBlci1tb3VudC1iZXRoZWwtdG93bnNoaXAtYmFuay1yb2JiZXJ5Lmh0bWzSAYUBaHR0cHM6Ly93d3cubGVoaWdodmFsbGV5bGl2ZS5jb20vbmV3cy8yMDIzLzA3L3N0YXRlLXBvbGljZS1pbnZlc3RpZ2F0aW5nLXVwcGVyLW1vdW50LWJldGhlbC10b3duc2hpcC1iYW5rLXJvYmJlcnkuaHRtbD9vdXRwdXRUeXBlPWFtcA?oc=5"" target=""_blank"">State police investigating Upper Mount Bethel Township bank robbery</a>&nbsp;&nbsp;<font color=""#6f6f6f"">lehighvalleylive.com</font",2023-07-11 07:00:00+00:00,lehighvalleylive.com
"Alameda County Judge Kevin Murphy robbed at gunpoint in Oakland parking garage, sheriff says - KGO-TV",https://news.google.com/rss/articles/CBMic2h0dHBzOi8vYWJjN25ld3MuY29tL3JvYmJlcnktb2FrbGFuZC1qdWRnZS1yb2JiZWQtYXQtZ3VucG9pbnQtYWxhbWVkYS1jb3VudHktYXJtZWQtMTN0aC1zdHJlZXQtbWFkaXNvbi1pbi8xMzMyOTQ3Mi_SAXdodHRwczovL2FiYzduZXdzLmNvbS9hbXAvcm9iYmVyeS1vYWtsYW5kLWp1ZGdlLXJvYmJlZC1hdC1ndW5wb2ludC1hbGFtZWRhLWNvdW50eS1hcm1lZC0xM3RoLXN0cmVldC1tYWRpc29uLWluLzEzMzI5NDcyLw?oc=5," href=""https://news.google.com/rss/articles/CBMic2h0dHBzOi8vYWJjN25ld3MuY29tL3JvYmJlcnktb2FrbGFuZC1qdWRnZS1yb2JiZWQtYXQtZ3VucG9pbnQtYWxhbWVkYS1jb3VudHktYXJtZWQtMTN0aC1zdHJlZXQtbWFkaXNvbi1pbi8xMzMyOTQ3Mi_SAXdodHRwczovL2FiYzduZXdzLmNvbS9hbXAvcm9iYmVyeS1vYWtsYW5kLWp1ZGdlLXJvYmJlZC1hdC1ndW5wb2ludC1hbGFtZWRhLWNvdW50eS1hcm1lZC0xM3RoLXN0cmVldC1tYWRpc29uLWluLzEzMzI5NDcyLw?oc=5"" target=""_blank"">Alameda County Judge Kevin Murphy robbed at gunpoint in Oakland parking garage, sheriff says</a>&nbsp;&nbsp;<font color=""#6f6f6f"">KGO-TV</font",2023-06-01 07:00:00+00:00,KGO-TV
Millburn NJ postal worker robbery suspect identified by police - NorthJersey.com,https://news.google.com/rss/articles/CBMijAFodHRwczovL3d3dy5ub3J0aGplcnNleS5jb20vc3RvcnkvbmV3cy9iZXJnZW4vaGFja2Vuc2Fjay8yMDIzLzA2LzAxL21pbGxidXJuLW5qLXBvc3RhbC13b3JrZXItcm9iYmVyeS1zdXNwZWN0LWlkZW50aWZpZWQtcG9saWNlLzcwMjc5MTE1MDA3L9IBAA?oc=5," href=""https://news.google.com/rss/articles/CBMijAFodHRwczovL3d3dy5ub3J0aGplcnNleS5jb20vc3RvcnkvbmV3cy9iZXJnZW4vaGFja2Vuc2Fjay8yMDIzLzA2LzAxL21pbGxidXJuLW5qLXBvc3RhbC13b3JrZXItcm9iYmVyeS1zdXNwZWN0LWlkZW50aWZpZWQtcG9saWNlLzcwMjc5MTE1MDA3L9IBAA?oc=5"" target=""_blank"">Millburn NJ postal worker robbery suspect identified by police</a>&nbsp;&nbsp;<font color=""#6f6f6f"">NorthJersey.com</font",2023-06-01 07:00:00+00:00,NorthJersey.com
"Jewelry store attempted robbery ends in shooting; 1 suspect shot, another on the run: Police - FOX61 Hartford",https://news.google.com/rss/articles/CBMihgFodHRwczovL3d3dy5mb3g2MS5jb20vYXJ0aWNsZS9uZXdzL2NyaW1lL2hhcnRmb3JkLWpld2VsZXJ5LXN0b3JlLXJvYmJlcnktc2hvb3RpbmctY29ubmVjdGljdXQvNTIwLTYyZDM3ZmQ0LTMwNTQtNDRjZC1iZDZjLWIxZjAzMmQ2YjVjMNIBigFodHRwczovL3d3dy5mb3g2MS5jb20vYW1wL2FydGljbGUvbmV3cy9jcmltZS9oYXJ0Zm9yZC1qZXdlbGVyeS1zdG9yZS1yb2JiZXJ5LXNob290aW5nLWNvbm5lY3RpY3V0LzUyMC02MmQzN2ZkNC0zMDU0LTQ0Y2QtYmQ2Yy1iMWYwMzJkNmI1YzA?oc=5," href=""https://news.google.com/rss/articles/CBMihgFodHRwczovL3d3dy5mb3g2MS5jb20vYXJ0aWNsZS9uZXdzL2NyaW1lL2hhcnRmb3JkLWpld2VsZXJ5LXN0b3JlLXJvYmJlcnktc2hvb3RpbmctY29ubmVjdGljdXQvNTIwLTYyZDM3ZmQ0LTMwNTQtNDRjZC1iZDZjLWIxZjAzMmQ2YjVjMNIBigFodHRwczovL3d3dy5mb3g2MS5jb20vYW1wL2FydGljbGUvbmV3cy9jcmltZS9oYXJ0Zm9yZC1qZXdlbGVyeS1zdG9yZS1yb2JiZXJ5LXNob290aW5nLWNvbm5lY3RpY3V0LzUyMC02MmQzN2ZkNC0zMDU0LTQ0Y2QtYmQ2Yy1iMWYwMzJkNmI1YzA?oc=5"" target=""_blank"">Jewelry store attempted robbery ends in shooting; 1 suspect shot, another on the run: Police</a>&nbsp;&nbsp;<font color=""#6f6f6f"">FOX61 Hartford</font",2023-06-13 07:00:00+00:00,FOX61 Hartford
Charlottesville police responding to reported bank robbery on Arlington Boulevard - NBC 29,https://news.google.com/rss/articles/CBMibWh0dHBzOi8vd3d3Lm5iYzI5LmNvbS8yMDIzLzA3LzE0L2NoYXJsb3R0ZXN2aWxsZS1wb2xpY2UtcmVzcG9uZGluZy1yZXBvcnRlZC1iYW5rLXJvYmJlcnktYXJsaW5ndG9uLWJvdWxldmFyZC_SAXxodHRwczovL3d3dy5uYmMyOS5jb20vMjAyMy8wNy8xNC9jaGFybG90dGVzdmlsbGUtcG9saWNlLXJlc3BvbmRpbmctcmVwb3J0ZWQtYmFuay1yb2JiZXJ5LWFybGluZ3Rvbi1ib3VsZXZhcmQvP291dHB1dFR5cGU9YW1w?oc=5," href=""https://news.google.com/rss/articles/CBMibWh0dHBzOi8vd3d3Lm5iYzI5LmNvbS8yMDIzLzA3LzE0L2NoYXJsb3R0ZXN2aWxsZS1wb2xpY2UtcmVzcG9uZGluZy1yZXBvcnRlZC1iYW5rLXJvYmJlcnktYXJsaW5ndG9uLWJvdWxldmFyZC_SAXxodHRwczovL3d3dy5uYmMyOS5jb20vMjAyMy8wNy8xNC9jaGFybG90dGVzdmlsbGUtcG9saWNlLXJlc3BvbmRpbmctcmVwb3J0ZWQtYmFuay1yb2JiZXJ5LWFybGluZ3Rvbi1ib3VsZXZhcmQvP291dHB1dFR5cGU9YW1w?oc=5"" target=""_blank"">Charlottesville police responding to reported bank robbery on Arlington Boulevard</a>&nbsp;&nbsp;<font color=""#6f6f6f"">NBC 29</font",2023-07-14 21:09:00+00:00,NBC 29
Police arrest man in fatal North Miami Beach robbery turned shooting - WPLG Local 10,https://news.google.com/rss/articles/CBMic2h0dHBzOi8vd3d3LmxvY2FsMTAuY29tL25ld3MvbG9jYWwvMjAyMy8wNi8wMS9wb2xpY2UtYXJyZXN0LW1hbi1pbi1mYXRhbC1ub3J0aC1taWFtaS1iZWFjaC1yb2JiZXJ5LXR1cm5lZC1zaG9vdGluZy_SAQA?oc=5," href=""https://news.google.com/rss/articles/CBMic2h0dHBzOi8vd3d3LmxvY2FsMTAuY29tL25ld3MvbG9jYWwvMjAyMy8wNi8wMS9wb2xpY2UtYXJyZXN0LW1hbi1pbi1mYXRhbC1ub3J0aC1taWFtaS1iZWFjaC1yb2JiZXJ5LXR1cm5lZC1zaG9vdGluZy_SAQA?oc=5"" target=""_blank"">Police arrest man in fatal North Miami Beach robbery turned shooting</a>&nbsp;&nbsp;<font color=""#6f6f6f"">WPLG Local 10</font",2023-06-01 07:00:00+00:00,WPLG Local 10
Man shot during robbery at Bucktown liquor store - CBS News,https://news.google.com/rss/articles/CBMiQ2h0dHBzOi8vd3d3LmNic25ld3MuY29tL2NoaWNhZ28vbmV3cy9yb2JiZXJ5LWJ1Y2t0b3duLWxpcXVvci1zdG9yZS_SAUdodHRwczovL3d3dy5jYnNuZXdzLmNvbS9hbXAvY2hpY2Fnby9uZXdzL3JvYmJlcnktYnVja3Rvd24tbGlxdW9yLXN0b3JlLw?oc=5," href=""https://news.google.com/rss/articles/CBMiQ2h0dHBzOi8vd3d3LmNic25ld3MuY29tL2NoaWNhZ28vbmV3cy9yb2JiZXJ5LWJ1Y2t0b3duLWxpcXVvci1zdG9yZS_SAUdodHRwczovL3d3dy5jYnNuZXdzLmNvbS9hbXAvY2hpY2Fnby9uZXdzL3JvYmJlcnktYnVja3Rvd24tbGlxdW9yLXN0b3JlLw?oc=5"" target=""_blank"">Man shot during robbery at Bucktown liquor store</a>&nbsp;&nbsp;<font color=""#6f6f6f"">CBS News</font",2023-07-14 13:34:00+00:00,CBS News
Teen armed robbery suspect dies after being shot by Colorado police - KKTV,https://news.google.com/rss/articles/CBMiZGh0dHBzOi8vd3d3LmtrdHYuY29tLzIwMjMvMDYvMDIvdGVlbi1hcm1lZC1yb2JiZXJ5LXN1c3BlY3QtZGllcy1hZnRlci1iZWluZy1zaG90LWJ5LWNvbG9yYWRvLXBvbGljZS_SAXNodHRwczovL3d3dy5ra3R2LmNvbS8yMDIzLzA2LzAyL3RlZW4tYXJtZWQtcm9iYmVyeS1zdXNwZWN0LWRpZXMtYWZ0ZXItYmVpbmctc2hvdC1ieS1jb2xvcmFkby1wb2xpY2UvP291dHB1dFR5cGU9YW1w?oc=5," href=""https://news.google.com/rss/articles/CBMiZGh0dHBzOi8vd3d3LmtrdHYuY29tLzIwMjMvMDYvMDIvdGVlbi1hcm1lZC1yb2JiZXJ5LXN1c3BlY3QtZGllcy1hZnRlci1iZWluZy1zaG90LWJ5LWNvbG9yYWRvLXBvbGljZS_SAXNodHRwczovL3d3dy5ra3R2LmNvbS8yMDIzLzA2LzAyL3RlZW4tYXJtZWQtcm9iYmVyeS1zdXNwZWN0LWRpZXMtYWZ0ZXItYmVpbmctc2hvdC1ieS1jb2xvcmFkby1wb2xpY2UvP291dHB1dFR5cGU9YW1w?oc=5"" target=""_blank"">Teen armed robbery suspect dies after being shot by Colorado police</a>&nbsp;&nbsp;<font color=""#6f6f6f"">KKTV</font",2023-06-02 07:00:00+00:00,KKTV
Teens arrested in armed robbery after leading deputies on chase into Eatonville - KIRO Seattle,https://news.google.com/rss/articles/CBMihgFodHRwczovL3d3dy5raXJvNy5jb20vbmV3cy9sb2NhbC90ZWVucy1hcnJlc3RlZC1hcm1lZC1yb2JiZXJ5LWFmdGVyLWxlYWRpbmctZGVwdXRpZXMtY2hhc2UtaW50by1lYXRvbnZpbGxlL1ZPNUoyMlhGRU5EQUxDTU5FRENWVVpQWllJL9IBlQFodHRwczovL3d3dy5raXJvNy5jb20vbmV3cy9sb2NhbC90ZWVucy1hcnJlc3RlZC1hcm1lZC1yb2JiZXJ5LWFmdGVyLWxlYWRpbmctZGVwdXRpZXMtY2hhc2UtaW50by1lYXRvbnZpbGxlL1ZPNUoyMlhGRU5EQUxDTU5FRENWVVpQWllJLz9vdXRwdXRUeXBlPWFtcA?oc=5," href=""https://news.google.com/rss/articles/CBMihgFodHRwczovL3d3dy5raXJvNy5jb20vbmV3cy9sb2NhbC90ZWVucy1hcnJlc3RlZC1hcm1lZC1yb2JiZXJ5LWFmdGVyLWxlYWRpbmctZGVwdXRpZXMtY2hhc2UtaW50by1lYXRvbnZpbGxlL1ZPNUoyMlhGRU5EQUxDTU5FRENWVVpQWllJL9IBlQFodHRwczovL3d3dy5raXJvNy5jb20vbmV3cy9sb2NhbC90ZWVucy1hcnJlc3RlZC1hcm1lZC1yb2JiZXJ5LWFmdGVyLWxlYWRpbmctZGVwdXRpZXMtY2hhc2UtaW50by1lYXRvbnZpbGxlL1ZPNUoyMlhGRU5EQUxDTU5FRENWVVpQWllJLz9vdXRwdXRUeXBlPWFtcA?oc=5"" target=""_blank"">Teens arrested in armed robbery after leading deputies on chase into Eatonville</a>&nbsp;&nbsp;<font color=""#6f6f6f"">KIRO Seattle</font",2023-06-09 07:00:00+00:00,KIRO Seattle
"CORRECTION: Armed Robbery Suspect Identified (Photo) - City of Portland, Oregon",https://news.google.com/rss/articles/CBMiPWh0dHBzOi8vd3d3LnBvcnRsYW5kb3JlZ29uLmdvdi9wb2xpY2UvbmV3cy9yZWFkLmNmbT9pZD00OTI5MzfSAQA?oc=5," href=""https://news.google.com/rss/articles/CBMiPWh0dHBzOi8vd3d3LnBvcnRsYW5kb3JlZ29uLmdvdi9wb2xpY2UvbmV3cy9yZWFkLmNmbT9pZD00OTI5MzfSAQA?oc=5"" target=""_blank"">CORRECTION: Armed Robbery Suspect Identified (Photo)</a>&nbsp;&nbsp;<font color=""#6f6f6f"">City of Portland, Oregon</font",2023-06-14 07:00:00+00:00,"City of Portland, Oregon"
Falmouth Bank Robbery Suspect Charged in Federal Court - The Vineyard Gazette - Martha's Vineyard News,https://news.google.com/rss/articles/CBMiX2h0dHBzOi8vdmluZXlhcmRnYXpldHRlLmNvbS9uZXdzLzIwMjMvMDcvMjAvZmFsbW91dGgtYmFuay1yb2JiZXJ5LXN1c3BlY3QtY2hhcmdlZC1mZWRlcmFsLWNvdXJ00gEA?oc=5," href=""https://news.google.com/rss/articles/CBMiX2h0dHBzOi8vdmluZXlhcmRnYXpldHRlLmNvbS9uZXdzLzIwMjMvMDcvMjAvZmFsbW91dGgtYmFuay1yb2JiZXJ5LXN1c3BlY3QtY2hhcmdlZC1mZWRlcmFsLWNvdXJ00gEA?oc=5"" target=""_blank"">Falmouth Bank Robbery Suspect Charged in Federal Court</a>&nbsp;&nbsp;<font color=""#6f6f6f"">The Vineyard Gazette - Martha's Vineyard News</font",2023-07-20 13:24:00+00:00,The Vineyard Gazette - Martha's Vineyard News
Brink's armored truck robbed outside Taco Bell in Reseda; suspects sought after abandoning stolen car - KABC-TV,https://news.google.com/rss/articles/CBMiPmh0dHBzOi8vYWJjNy5jb20vYnJpbmtzLXJvYmJlcnktYXJtb3JlZC10cnVjay1yZXNlZGEvMTM0MzM2Mzkv0gFCaHR0cHM6Ly9hYmM3LmNvbS9hbXAvYnJpbmtzLXJvYmJlcnktYXJtb3JlZC10cnVjay1yZXNlZGEvMTM0MzM2Mzkv?oc=5," href=""https://news.google.com/rss/articles/CBMiPmh0dHBzOi8vYWJjNy5jb20vYnJpbmtzLXJvYmJlcnktYXJtb3JlZC10cnVjay1yZXNlZGEvMTM0MzM2Mzkv0gFCaHR0cHM6Ly9hYmM3LmNvbS9hbXAvYnJpbmtzLXJvYmJlcnktYXJtb3JlZC10cnVjay1yZXNlZGEvMTM0MzM2Mzkv?oc=5"" target=""_blank"">Brink's armored truck robbed outside Taco Bell in Reseda; suspects sought after abandoning stolen car</a>&nbsp;&nbsp;<font color=""#6f6f6f"">KABC-TV</font",2023-06-27 07:00:00+00:00,KABC-TV
VIDEO: 2 teens arrested for brazen daylight robbery attempts in south Sacramento - CBS News,https://news.google.com/rss/articles/CBMieGh0dHBzOi8vd3d3LmNic25ld3MuY29tL3NhY3JhbWVudG8vbmV3cy92aWRlby0yLXRlZW5zLWFycmVzdGVkLWZvci1icmF6ZW4tZGF5bGlnaHQtcm9iYmVyeS1hdHRlbXB0cy1pbi1zb3V0aC1zYWNyYW1lbnRvL9IBfGh0dHBzOi8vd3d3LmNic25ld3MuY29tL2FtcC9zYWNyYW1lbnRvL25ld3MvdmlkZW8tMi10ZWVucy1hcnJlc3RlZC1mb3ItYnJhemVuLWRheWxpZ2h0LXJvYmJlcnktYXR0ZW1wdHMtaW4tc291dGgtc2FjcmFtZW50by8?oc=5," href=""https://news.google.com/rss/articles/CBMieGh0dHBzOi8vd3d3LmNic25ld3MuY29tL3NhY3JhbWVudG8vbmV3cy92aWRlby0yLXRlZW5zLWFycmVzdGVkLWZvci1icmF6ZW4tZGF5bGlnaHQtcm9iYmVyeS1hdHRlbXB0cy1pbi1zb3V0aC1zYWNyYW1lbnRvL9IBfGh0dHBzOi8vd3d3LmNic25ld3MuY29tL2FtcC9zYWNyYW1lbnRvL25ld3MvdmlkZW8tMi10ZWVucy1hcnJlc3RlZC1mb3ItYnJhemVuLWRheWxpZ2h0LXJvYmJlcnktYXR0ZW1wdHMtaW4tc291dGgtc2FjcmFtZW50by8?oc=5"" target=""_blank"">VIDEO: 2 teens arrested for brazen daylight robbery attempts in south Sacramento</a>&nbsp;&nbsp;<font color=""#6f6f6f"">CBS News</font",2023-06-05 07:00:00+00:00,CBS News
"Juvenile Robbery Suspect Arrested, Found with Stolen Handgun ... - seattle.gov",https://news.google.com/rss/articles/CBMiZmh0dHBzOi8vc3BkYmxvdHRlci5zZWF0dGxlLmdvdi8yMDIzLzA2LzIyL2p1dmVuaWxlLXJvYmJlcnktc3VzcGVjdC1hcnJlc3RlZC1mb3VuZC13aXRoLXN0b2xlbi1oYW5kZ3VuL9IBAA?oc=5," href=""https://news.google.com/rss/articles/CBMiZmh0dHBzOi8vc3BkYmxvdHRlci5zZWF0dGxlLmdvdi8yMDIzLzA2LzIyL2p1dmVuaWxlLXJvYmJlcnktc3VzcGVjdC1hcnJlc3RlZC1mb3VuZC13aXRoLXN0b2xlbi1oYW5kZ3VuL9IBAA?oc=5"" target=""_blank"">Juvenile Robbery Suspect Arrested, Found with Stolen Handgun ...</a>&nbsp;&nbsp;<font color=""#6f6f6f"">seattle.gov</font",2023-06-22 07:00:00+00:00,seattle.gov
Hialeah Man Sentenced for Committing Armed Bank Robbery - Department of Justice,https://news.google.com/rss/articles/CBMiWGh0dHBzOi8vd3d3Lmp1c3RpY2UuZ292L3VzYW8tc2RmbC9wci9oaWFsZWFoLW1hbi1zZW50ZW5jZWQtY29tbWl0dGluZy1hcm1lZC1iYW5rLXJvYmJlcnnSAQA?oc=5," href=""https://news.google.com/rss/articles/CBMiWGh0dHBzOi8vd3d3Lmp1c3RpY2UuZ292L3VzYW8tc2RmbC9wci9oaWFsZWFoLW1hbi1zZW50ZW5jZWQtY29tbWl0dGluZy1hcm1lZC1iYW5rLXJvYmJlcnnSAQA?oc=5"" target=""_blank"">Hialeah Man Sentenced for Committing Armed Bank Robbery</a>&nbsp;&nbsp;<font color=""#6f6f6f"">Department of Justice</font",2023-07-18 18:58:53+00:00,Department of Justice
"Group of teens, adult arrested in connection to robbery spree in North Texas - WFAA.com",https://news.google.com/rss/articles/CBMiamh0dHBzOi8vd3d3LndmYWEuY29tL2FydGljbGUvbmV3cy9jcmltZS90ZWVucy1hZHVsdC1yb2JiZXJ5LXNwcmVlLzI4Ny1lY2I2ODI0My00MzU4LTQ3MTItOGQwZi1iM2Y4YTFlMGZjYjPSAW5odHRwczovL3d3dy53ZmFhLmNvbS9hbXAvYXJ0aWNsZS9uZXdzL2NyaW1lL3RlZW5zLWFkdWx0LXJvYmJlcnktc3ByZWUvMjg3LWVjYjY4MjQzLTQzNTgtNDcxMi04ZDBmLWIzZjhhMWUwZmNiMw?oc=5," href=""https://news.google.com/rss/articles/CBMiamh0dHBzOi8vd3d3LndmYWEuY29tL2FydGljbGUvbmV3cy9jcmltZS90ZWVucy1hZHVsdC1yb2JiZXJ5LXNwcmVlLzI4Ny1lY2I2ODI0My00MzU4LTQ3MTItOGQwZi1iM2Y4YTFlMGZjYjPSAW5odHRwczovL3d3dy53ZmFhLmNvbS9hbXAvYXJ0aWNsZS9uZXdzL2NyaW1lL3RlZW5zLWFkdWx0LXJvYmJlcnktc3ByZWUvMjg3LWVjYjY4MjQzLTQzNTgtNDcxMi04ZDBmLWIzZjhhMWUwZmNiMw?oc=5"" target=""_blank"">Group of teens, adult arrested in connection to robbery spree in North Texas</a>&nbsp;&nbsp;<font color=""#6f6f6f"">WFAA.com</font",2023-06-01 07:00:00+00:00,WFAA.com
"Convenience store robbery suspect chased, then crashes, now in ... - WTVC",https://news.google.com/rss/articles/CBMiuwFodHRwczovL25ld3NjaGFubmVsOS5jb20vbmV3cy9sb2NhbC9jb252ZW5pZW5jZS1zdG9yZS1yb2JiZXJ5LXN1c3BlY3QtY2hhc2VkLXRoZW4tY3Jhc2hlcy1ub3ctaW4tY3VzdG9keS1pbi13aGl0ZmllbGQtY291bnR5LWNpcmNsZS1rLWNhcmJvbmRhbGUtcm9hZC1kYWx0b24ta2F5dm9uLXRheWxvci1pLTc1LXR1bm5lbC1oaWxs0gEA?oc=5," href=""https://news.google.com/rss/articles/CBMiuwFodHRwczovL25ld3NjaGFubmVsOS5jb20vbmV3cy9sb2NhbC9jb252ZW5pZW5jZS1zdG9yZS1yb2JiZXJ5LXN1c3BlY3QtY2hhc2VkLXRoZW4tY3Jhc2hlcy1ub3ctaW4tY3VzdG9keS1pbi13aGl0ZmllbGQtY291bnR5LWNpcmNsZS1rLWNhcmJvbmRhbGUtcm9hZC1kYWx0b24ta2F5dm9uLXRheWxvci1pLTc1LXR1bm5lbC1oaWxs0gEA?oc=5"" target=""_blank"">Convenience store robbery suspect chased, then crashes, now in ...</a>&nbsp;&nbsp;<font color=""#6f6f6f"">WTVC</font",2023-06-27 07:00:00+00:00,WTVC
Man charged for Limestone County robbery - WAFF,https://news.google.com/rss/articles/CBMiRWh0dHBzOi8vd3d3LndhZmYuY29tLzIwMjMvMDYvMTYvbWFuLWNoYXJnZWQtbGltZXN0b25lLWNvdW50eS1yb2JiZXJ5L9IBVGh0dHBzOi8vd3d3LndhZmYuY29tLzIwMjMvMDYvMTYvbWFuLWNoYXJnZWQtbGltZXN0b25lLWNvdW50eS1yb2JiZXJ5Lz9vdXRwdXRUeXBlPWFtcA?oc=5," href=""https://news.google.com/rss/articles/CBMiRWh0dHBzOi8vd3d3LndhZmYuY29tLzIwMjMvMDYvMTYvbWFuLWNoYXJnZWQtbGltZXN0b25lLWNvdW50eS1yb2JiZXJ5L9IBVGh0dHBzOi8vd3d3LndhZmYuY29tLzIwMjMvMDYvMTYvbWFuLWNoYXJnZWQtbGltZXN0b25lLWNvdW50eS1yb2JiZXJ5Lz9vdXRwdXRUeXBlPWFtcA?oc=5"" target=""_blank"">Man charged for Limestone County robbery</a>&nbsp;&nbsp;<font color=""#6f6f6f"">WAFF</font",2023-06-16 07:00:00+00:00,WAFF
"Clerk and 16-year-old armed robbery suspect killed in shootout at Visalia liquor store, police say - KFSN-TV",https://news.google.com/rss/articles/CBMiWWh0dHBzOi8vYWJjMzAuY29tL3Zpc2FsaWEtc2hvb3RpbmctcGFya2luZy1sb3QtdHdvLXBlb3BsZS1zaG90LW1lbi1ob3NwaXRhbGl6ZWQvMTMzNzIxNzMv0gFdaHR0cHM6Ly9hYmMzMC5jb20vYW1wL3Zpc2FsaWEtc2hvb3RpbmctcGFya2luZy1sb3QtdHdvLXBlb3BsZS1zaG90LW1lbi1ob3NwaXRhbGl6ZWQvMTMzNzIxNzMv?oc=5," href=""https://news.google.com/rss/articles/CBMiWWh0dHBzOi8vYWJjMzAuY29tL3Zpc2FsaWEtc2hvb3RpbmctcGFya2luZy1sb3QtdHdvLXBlb3BsZS1zaG90LW1lbi1ob3NwaXRhbGl6ZWQvMTMzNzIxNzMv0gFdaHR0cHM6Ly9hYmMzMC5jb20vYW1wL3Zpc2FsaWEtc2hvb3RpbmctcGFya2luZy1sb3QtdHdvLXBlb3BsZS1zaG90LW1lbi1ob3NwaXRhbGl6ZWQvMTMzNzIxNzMv?oc=5"" target=""_blank"">Clerk and 16-year-old armed robbery suspect killed in shootout at Visalia liquor store, police say</a>&nbsp;&nbsp;<font color=""#6f6f6f"">KFSN-TV</font",2023-06-12 07:00:00+00:00,KFSN-TV
"Montgomery robbery suspect caught after chase, crash now identified - WSFA",https://news.google.com/rss/articles/CBMiY2h0dHBzOi8vd3d3LndzZmEuY29tLzIwMjMvMDcvMTgvbW9udGdvbWVyeS1yb2JiZXJ5LXN1c3BlY3QtY2F1Z2h0LWFmdGVyLWNoYXNlLWNyYXNoLW5vdy1pZGVudGlmaWVkL9IBAA?oc=5," href=""https://news.google.com/rss/articles/CBMiY2h0dHBzOi8vd3d3LndzZmEuY29tLzIwMjMvMDcvMTgvbW9udGdvbWVyeS1yb2JiZXJ5LXN1c3BlY3QtY2F1Z2h0LWFmdGVyLWNoYXNlLWNyYXNoLW5vdy1pZGVudGlmaWVkL9IBAA?oc=5"" target=""_blank"">Montgomery robbery suspect caught after chase, crash now identified</a>&nbsp;&nbsp;<font color=""#6f6f6f"">WSFA</font",2023-07-17 15:31:00+00:00,WSFA
Corporate Drive robbery: Rideshare driver caught on video getting mugged at gunpoint during customer drop-off by 6 suspects - KTRK-TV,https://news.google.com/rss/articles/CBMiYmh0dHBzOi8vYWJjMTMuY29tL3JpZGVzaGFyZS1kcml2ZXItcm9iYmVkLWFnZ3JhdmF0ZWQtcm9iYmVyeS1pbi1zdy1ob3VzdG9uLWFybWVkLW1lbi1yb2IvMTMzOTE1NzAv0gFmaHR0cHM6Ly9hYmMxMy5jb20vYW1wL3JpZGVzaGFyZS1kcml2ZXItcm9iYmVkLWFnZ3JhdmF0ZWQtcm9iYmVyeS1pbi1zdy1ob3VzdG9uLWFybWVkLW1lbi1yb2IvMTMzOTE1NzAv?oc=5," href=""https://news.google.com/rss/articles/CBMiYmh0dHBzOi8vYWJjMTMuY29tL3JpZGVzaGFyZS1kcml2ZXItcm9iYmVkLWFnZ3JhdmF0ZWQtcm9iYmVyeS1pbi1zdy1ob3VzdG9uLWFybWVkLW1lbi1yb2IvMTMzOTE1NzAv0gFmaHR0cHM6Ly9hYmMxMy5jb20vYW1wL3JpZGVzaGFyZS1kcml2ZXItcm9iYmVkLWFnZ3JhdmF0ZWQtcm9iYmVyeS1pbi1zdy1ob3VzdG9uLWFybWVkLW1lbi1yb2IvMTMzOTE1NzAv?oc=5"" target=""_blank"">Corporate Drive robbery: Rideshare driver caught on video getting mugged at gunpoint during customer drop-off by 6 suspects</a>&nbsp;&nbsp;<font color=""#6f6f6f"">KTRK-TV</font",2023-06-16 07:00:00+00:00,KTRK-TV
Fair Lawn NJ bank robbery remains under investigation - NorthJersey.com,https://news.google.com/rss/articles/CBMihQFodHRwczovL3d3dy5ub3J0aGplcnNleS5jb20vc3RvcnkvbmV3cy9iZXJnZW4vZmFpci1sYXduLzIwMjMvMDcvMTEvZmFpci1sYXduLW5qLWJhbmstcm9iYmVyeS1yZW1haW5zLXVuZGVyLWludmVzdGlnYXRpb24vNzA0MDIwMzIwMDcv0gEA?oc=5," href=""https://news.google.com/rss/articles/CBMihQFodHRwczovL3d3dy5ub3J0aGplcnNleS5jb20vc3RvcnkvbmV3cy9iZXJnZW4vZmFpci1sYXduLzIwMjMvMDcvMTEvZmFpci1sYXduLW5qLWJhbmstcm9iYmVyeS1yZW1haW5zLXVuZGVyLWludmVzdGlnYXRpb24vNzA0MDIwMzIwMDcv0gEA?oc=5"" target=""_blank"">Fair Lawn NJ bank robbery remains under investigation</a>&nbsp;&nbsp;<font color=""#6f6f6f"">NorthJersey.com</font",2023-07-11 07:00:00+00:00,NorthJersey.com
Elmwood Park NJ robbery possibly connected to other crimes - NorthJersey.com,https://news.google.com/rss/articles/CBMilAFodHRwczovL3d3dy5ub3J0aGplcnNleS5jb20vc3RvcnkvbmV3cy9iZXJnZW4vZWxtd29vZC1wYXJrLzIwMjMvMDYvMTMvZWxtd29vZC1wYXJrLW5qLXJvYmJlcnktcG9zc2libHktY29ubmVjdGVkLXRvLXN0cmluZy1vZi1yb2JiZXJpZXMvNzAzMTY0ODAwMDcv0gEA?oc=5," href=""https://news.google.com/rss/articles/CBMilAFodHRwczovL3d3dy5ub3J0aGplcnNleS5jb20vc3RvcnkvbmV3cy9iZXJnZW4vZWxtd29vZC1wYXJrLzIwMjMvMDYvMTMvZWxtd29vZC1wYXJrLW5qLXJvYmJlcnktcG9zc2libHktY29ubmVjdGVkLXRvLXN0cmluZy1vZi1yb2JiZXJpZXMvNzAzMTY0ODAwMDcv0gEA?oc=5"" target=""_blank"">Elmwood Park NJ robbery possibly connected to other crimes</a>&nbsp;&nbsp;<font color=""#6f6f6f"">NorthJersey.com</font",2023-06-13 07:00:00+00:00,NorthJersey.com
"Thieves involved in 'takeover' robbery at Livonia pharmacy arrested after fleeing, crashing - FOX 2 Detroit",https://news.google.com/rss/articles/CBMieWh0dHBzOi8vd3d3LmZveDJkZXRyb2l0LmNvbS9uZXdzL3RoaWV2ZXMtaW52b2x2ZWQtaW4tdGFrZW92ZXItcm9iYmVyeS1hdC1saXZvbmlhLXBoYXJtYWN5LWFycmVzdGVkLWFmdGVyLWZsZWVpbmctY3Jhc2hpbmfSAX1odHRwczovL3d3dy5mb3gyZGV0cm9pdC5jb20vbmV3cy90aGlldmVzLWludm9sdmVkLWluLXRha2VvdmVyLXJvYmJlcnktYXQtbGl2b25pYS1waGFybWFjeS1hcnJlc3RlZC1hZnRlci1mbGVlaW5nLWNyYXNoaW5nLmFtcA?oc=5," href=""https://news.google.com/rss/articles/CBMieWh0dHBzOi8vd3d3LmZveDJkZXRyb2l0LmNvbS9uZXdzL3RoaWV2ZXMtaW52b2x2ZWQtaW4tdGFrZW92ZXItcm9iYmVyeS1hdC1saXZvbmlhLXBoYXJtYWN5LWFycmVzdGVkLWFmdGVyLWZsZWVpbmctY3Jhc2hpbmfSAX1odHRwczovL3d3dy5mb3gyZGV0cm9pdC5jb20vbmV3cy90aGlldmVzLWludm9sdmVkLWluLXRha2VvdmVyLXJvYmJlcnktYXQtbGl2b25pYS1waGFybWFjeS1hcnJlc3RlZC1hZnRlci1mbGVlaW5nLWNyYXNoaW5nLmFtcA?oc=5"" target=""_blank"">Thieves involved in 'takeover' robbery at Livonia pharmacy arrested after fleeing, crashing</a>&nbsp;&nbsp;<font color=""#6f6f6f"">FOX 2 Detroit</font",2023-06-22 07:00:00+00:00,FOX 2 Detroit
UPDATE: APD Detectives Arrest a Man in Connection to a Robbery - AustinTexas.gov,https://news.google.com/rss/articles/CBMiVGh0dHBzOi8vd3d3LmF1c3RpbnRleGFzLmdvdi9uZXdzL3VwZGF0ZS1hcGQtZGV0ZWN0aXZlcy1hcnJlc3QtbWFuLWNvbm5lY3Rpb24tcm9iYmVyedIBAA?oc=5," href=""https://news.google.com/rss/articles/CBMiVGh0dHBzOi8vd3d3LmF1c3RpbnRleGFzLmdvdi9uZXdzL3VwZGF0ZS1hcGQtZGV0ZWN0aXZlcy1hcnJlc3QtbWFuLWNvbm5lY3Rpb24tcm9iYmVyedIBAA?oc=5"" target=""_blank"">UPDATE: APD Detectives Arrest a Man in Connection to a Robbery</a>&nbsp;&nbsp;<font color=""#6f6f6f"">AustinTexas.gov</font",2023-06-30 07:00:00+00:00,AustinTexas.gov
CU police searching for three suspects in early morning robbery - CBS Colardo,https://news.google.com/rss/articles/CBMiZmh0dHBzOi8vd3d3LmNic25ld3MuY29tL2NvbG9yYWRvL25ld3MvY3UtcG9saWNlLXNlYXJjaGluZy1mb3ItdGhyZWUtc3VzcGVjdHMtaW4tZWFybHktbW9ybmluZy1yb2JiZXJ5L9IBamh0dHBzOi8vd3d3LmNic25ld3MuY29tL2FtcC9jb2xvcmFkby9uZXdzL2N1LXBvbGljZS1zZWFyY2hpbmctZm9yLXRocmVlLXN1c3BlY3RzLWluLWVhcmx5LW1vcm5pbmctcm9iYmVyeS8?oc=5," href=""https://news.google.com/rss/articles/CBMiZmh0dHBzOi8vd3d3LmNic25ld3MuY29tL2NvbG9yYWRvL25ld3MvY3UtcG9saWNlLXNlYXJjaGluZy1mb3ItdGhyZWUtc3VzcGVjdHMtaW4tZWFybHktbW9ybmluZy1yb2JiZXJ5L9IBamh0dHBzOi8vd3d3LmNic25ld3MuY29tL2FtcC9jb2xvcmFkby9uZXdzL2N1LXBvbGljZS1zZWFyY2hpbmctZm9yLXRocmVlLXN1c3BlY3RzLWluLWVhcmx5LW1vcm5pbmctcm9iYmVyeS8?oc=5"" target=""_blank"">CU police searching for three suspects in early morning robbery</a>&nbsp;&nbsp;<font color=""#6f6f6f"">CBS Colardo</font",2023-06-09 07:00:00+00:00,CBS Colardo
Delaware State Police Arrest Suspect for Bank Robbery - Delaware ... - Delaware.gov,https://news.google.com/rss/articles/CBMiWmh0dHBzOi8vZHNwLmRlbGF3YXJlLmdvdi8yMDIzLzA2LzE1L2RlbGF3YXJlLXN0YXRlLXBvbGljZS1hcnJlc3Qtc3VzcGVjdC1mb3ItYmFuay1yb2JiZXJ5L9IBAA?oc=5," href=""https://news.google.com/rss/articles/CBMiWmh0dHBzOi8vZHNwLmRlbGF3YXJlLmdvdi8yMDIzLzA2LzE1L2RlbGF3YXJlLXN0YXRlLXBvbGljZS1hcnJlc3Qtc3VzcGVjdC1mb3ItYmFuay1yb2JiZXJ5L9IBAA?oc=5"" target=""_blank"">Delaware State Police Arrest Suspect for Bank Robbery - Delaware ...</a>&nbsp;&nbsp;<font color=""#6f6f6f"">Delaware.gov</font",2023-06-15 07:00:00+00:00,Delaware.gov
Champaign Police Seek Community Assistance in Investigating ... - City of Champaign (.gov),https://news.google.com/rss/articles/CBMibmh0dHBzOi8vY2hhbXBhaWduaWwuZ292LzIwMjMvMDYvMDUvY2hhbXBhaWduLXBvbGljZS1zZWVrLWNvbW11bml0eS1hc3Npc3RhbmNlLWluLWludmVzdGlnYXRpbmctYmFuay1yb2JiZXJ5LTIv0gEA?oc=5," href=""https://news.google.com/rss/articles/CBMibmh0dHBzOi8vY2hhbXBhaWduaWwuZ292LzIwMjMvMDYvMDUvY2hhbXBhaWduLXBvbGljZS1zZWVrLWNvbW11bml0eS1hc3Npc3RhbmNlLWluLWludmVzdGlnYXRpbmctYmFuay1yb2JiZXJ5LTIv0gEA?oc=5"" target=""_blank"">Champaign Police Seek Community Assistance in Investigating ...</a>&nbsp;&nbsp;<font color=""#6f6f6f"">City of Champaign (.gov)</font",2023-06-05 07:00:00+00:00,City of Champaign (.gov)
"1 shot, 2 at large after Hyattsville armored truck robbery attempt - NBC4 Washington",https://news.google.com/rss/articles/CBMic2h0dHBzOi8vd3d3Lm5iY3dhc2hpbmd0b24uY29tL25ld3MvbG9jYWwvMS1zaG90LTItYXQtbGFyZ2UtYWZ0ZXItaHlhdHRzdmlsbGUtYXJtb3JlZC10cnVjay1yb2JiZXJ5LWF0dGVtcHQvMzM3ODMzNi_SAXlodHRwczovL3d3dy5uYmN3YXNoaW5ndG9uLmNvbS9uZXdzL2xvY2FsLzEtc2hvdC0yLWF0LWxhcmdlLWFmdGVyLWh5YXR0c3ZpbGxlLWFybW9yZWQtdHJ1Y2stcm9iYmVyeS1hdHRlbXB0LzMzNzgzMzYvP2FtcD0x?oc=5," href=""https://news.google.com/rss/articles/CBMic2h0dHBzOi8vd3d3Lm5iY3dhc2hpbmd0b24uY29tL25ld3MvbG9jYWwvMS1zaG90LTItYXQtbGFyZ2UtYWZ0ZXItaHlhdHRzdmlsbGUtYXJtb3JlZC10cnVjay1yb2JiZXJ5LWF0dGVtcHQvMzM3ODMzNi_SAXlodHRwczovL3d3dy5uYmN3YXNoaW5ndG9uLmNvbS9uZXdzL2xvY2FsLzEtc2hvdC0yLWF0LWxhcmdlLWFmdGVyLWh5YXR0c3ZpbGxlLWFybW9yZWQtdHJ1Y2stcm9iYmVyeS1hdHRlbXB0LzMzNzgzMzYvP2FtcD0x?oc=5"" target=""_blank"">1 shot, 2 at large after Hyattsville armored truck robbery attempt</a>&nbsp;&nbsp;<font color=""#6f6f6f"">NBC4 Washington</font",2023-07-03 07:00:00+00:00,NBC4 Washington
Robbery crew arrested for allegedly stealing $2 million in jewelry in ... - USA TODAY,https://news.google.com/rss/articles/CBMieGh0dHBzOi8vd3d3LnVzYXRvZGF5LmNvbS9zdG9yeS9uZXdzL25hdGlvbi8yMDIzLzA2LzA2L2ZpdmUtbmV3LXlvcmstbWVuLWFycmVzdGVkLXN0ZWFsaW5nLTItbWlsbGlvbi1qZXdlbHJ5LzcwMjk1ODE3MDA3L9IBAA?oc=5," href=""https://news.google.com/rss/articles/CBMieGh0dHBzOi8vd3d3LnVzYXRvZGF5LmNvbS9zdG9yeS9uZXdzL25hdGlvbi8yMDIzLzA2LzA2L2ZpdmUtbmV3LXlvcmstbWVuLWFycmVzdGVkLXN0ZWFsaW5nLTItbWlsbGlvbi1qZXdlbHJ5LzcwMjk1ODE3MDA3L9IBAA?oc=5"" target=""_blank"">Robbery crew arrested for allegedly stealing $2 million in jewelry in ...</a>&nbsp;&nbsp;<font color=""#6f6f6f"">USA TODAY</font",2023-06-06 07:00:00+00:00,USA TODAY
VIDEO: Cashier held at gunpoint during robbery at Oakland donut shop - KRON4,https://news.google.com/rss/articles/CBMib2h0dHBzOi8vd3d3Lmtyb240LmNvbS9uZXdzL2JheS1hcmVhL3ZpZGVvLWVtcGxveWVlLWhlbGQtYXQtZ3VucG9pbnQtZHVyaW5nLWFybWVkLXJvYmJlcnktYXQtb2FrbGFuZC1kb251dC1zaG9wL9IBc2h0dHBzOi8vd3d3Lmtyb240LmNvbS9uZXdzL2JheS1hcmVhL3ZpZGVvLWVtcGxveWVlLWhlbGQtYXQtZ3VucG9pbnQtZHVyaW5nLWFybWVkLXJvYmJlcnktYXQtb2FrbGFuZC1kb251dC1zaG9wL2FtcC8?oc=5," href=""https://news.google.com/rss/articles/CBMib2h0dHBzOi8vd3d3Lmtyb240LmNvbS9uZXdzL2JheS1hcmVhL3ZpZGVvLWVtcGxveWVlLWhlbGQtYXQtZ3VucG9pbnQtZHVyaW5nLWFybWVkLXJvYmJlcnktYXQtb2FrbGFuZC1kb251dC1zaG9wL9IBc2h0dHBzOi8vd3d3Lmtyb240LmNvbS9uZXdzL2JheS1hcmVhL3ZpZGVvLWVtcGxveWVlLWhlbGQtYXQtZ3VucG9pbnQtZHVyaW5nLWFybWVkLXJvYmJlcnktYXQtb2FrbGFuZC1kb251dC1zaG9wL2FtcC8?oc=5"" target=""_blank"">VIDEO: Cashier held at gunpoint during robbery at Oakland donut shop</a>&nbsp;&nbsp;<font color=""#6f6f6f"">KRON4</font",2023-06-25 07:00:00+00:00,KRON4
"Flint Township bank robbery suspect arrested, police say - MLive.com",https://news.google.com/rss/articles/CBMiZWh0dHBzOi8vd3d3Lm1saXZlLmNvbS9uZXdzL2ZsaW50LzIwMjMvMDcvZmxpbnQtdG93bnNoaXAtYmFuay1yb2JiZXJ5LXN1c3BlY3QtYXJyZXN0ZWQtcG9saWNlLXNheS5odG1s0gF0aHR0cHM6Ly93d3cubWxpdmUuY29tL25ld3MvZmxpbnQvMjAyMy8wNy9mbGludC10b3duc2hpcC1iYW5rLXJvYmJlcnktc3VzcGVjdC1hcnJlc3RlZC1wb2xpY2Utc2F5Lmh0bWw_b3V0cHV0VHlwZT1hbXA?oc=5," href=""https://news.google.com/rss/articles/CBMiZWh0dHBzOi8vd3d3Lm1saXZlLmNvbS9uZXdzL2ZsaW50LzIwMjMvMDcvZmxpbnQtdG93bnNoaXAtYmFuay1yb2JiZXJ5LXN1c3BlY3QtYXJyZXN0ZWQtcG9saWNlLXNheS5odG1s0gF0aHR0cHM6Ly93d3cubWxpdmUuY29tL25ld3MvZmxpbnQvMjAyMy8wNy9mbGludC10b3duc2hpcC1iYW5rLXJvYmJlcnktc3VzcGVjdC1hcnJlc3RlZC1wb2xpY2Utc2F5Lmh0bWw_b3V0cHV0VHlwZT1hbXA?oc=5"" target=""_blank"">Flint Township bank robbery suspect arrested, police say</a>&nbsp;&nbsp;<font color=""#6f6f6f"">MLive.com</font",2023-07-14 19:32:00+00:00,MLive.com
Delaware State Police Investigating Convenience Store Robbery in ... - Delaware.gov,https://news.google.com/rss/articles/CBMicGh0dHBzOi8vZHNwLmRlbGF3YXJlLmdvdi8yMDIzLzA2LzE5L2RlbGF3YXJlLXN0YXRlLXBvbGljZS1pbnZlc3RpZ2F0aW5nLWNvbnZlbmllbmNlLXN0b3JlLXJvYmJlcnktaW4td2lsbWluZ3Rvbi_SAQA?oc=5," href=""https://news.google.com/rss/articles/CBMicGh0dHBzOi8vZHNwLmRlbGF3YXJlLmdvdi8yMDIzLzA2LzE5L2RlbGF3YXJlLXN0YXRlLXBvbGljZS1pbnZlc3RpZ2F0aW5nLWNvbnZlbmllbmNlLXN0b3JlLXJvYmJlcnktaW4td2lsbWluZ3Rvbi_SAQA?oc=5"" target=""_blank"">Delaware State Police Investigating Convenience Store Robbery in ...</a>&nbsp;&nbsp;<font color=""#6f6f6f"">Delaware.gov</font",2023-06-19 07:00:00+00:00,Delaware.gov
Woman shot during robbery at Humble Costco; suspects arrested ... - KPRC Click2Houston,https://news.google.com/rss/articles/CBMimgFodHRwczovL3d3dy5jbGljazJob3VzdG9uLmNvbS9uZXdzL2xvY2FsLzIwMjMvMDcvMTkvd29tYW4tc2hvdC1kdXJpbmctYWdncmF2YXRlZC1yb2JiZXJ5LWF0LWh1bWJsZS1jb3N0Y28tc3VzcGVjdHMtYXJyZXN0ZWQtYWZ0ZXItY2hhc2UtaW4tc3RvbGVuLXZlaGljbGUv0gEA?oc=5," href=""https://news.google.com/rss/articles/CBMimgFodHRwczovL3d3dy5jbGljazJob3VzdG9uLmNvbS9uZXdzL2xvY2FsLzIwMjMvMDcvMTkvd29tYW4tc2hvdC1kdXJpbmctYWdncmF2YXRlZC1yb2JiZXJ5LWF0LWh1bWJsZS1jb3N0Y28tc3VzcGVjdHMtYXJyZXN0ZWQtYWZ0ZXItY2hhc2UtaW4tc3RvbGVuLXZlaGljbGUv0gEA?oc=5"" target=""_blank"">Woman shot during robbery at Humble Costco; suspects arrested ...</a>&nbsp;&nbsp;<font color=""#6f6f6f"">KPRC Click2Houston</font",2023-07-19 23:45:21+00:00,KPRC Click2Houston
PHOTOS: Can you help police identify these armed robbery ... - WJLA,https://news.google.com/rss/articles/CBMiqgFodHRwczovL3dqbGEuY29tL25ld3MvbG9jYWwvcGhvdG9zLXRyYWlsLW1vbnRnb21lcnktY291bnR5LXJvYmJlcnktYXJtZWQtZ3VuLW1hcnlsYW5kLWRjLXBvbGljZS1jcmltZS1pZGVudGlmeS10aXAtbGluZS12aXJnaW5pYS1nYWl0aGVyc2J1cmctZ2VybWFudG93bi1jcm9zcy1yaWRnZS1kcml2ZdIBAA?oc=5," href=""https://news.google.com/rss/articles/CBMiqgFodHRwczovL3dqbGEuY29tL25ld3MvbG9jYWwvcGhvdG9zLXRyYWlsLW1vbnRnb21lcnktY291bnR5LXJvYmJlcnktYXJtZWQtZ3VuLW1hcnlsYW5kLWRjLXBvbGljZS1jcmltZS1pZGVudGlmeS10aXAtbGluZS12aXJnaW5pYS1nYWl0aGVyc2J1cmctZ2VybWFudG93bi1jcm9zcy1yaWRnZS1kcml2ZdIBAA?oc=5"" target=""_blank"">PHOTOS: Can you help police identify these armed robbery ...</a>&nbsp;&nbsp;<font color=""#6f6f6f"">WJLA</font",2023-06-23 07:00:00+00:00,WJLA
Law Enforcement Seeking Information on Bank Robbery Subject ... - Federal Bureau of Investigation,https://news.google.com/rss/articles/CBMieWh0dHBzOi8vd3d3LmZiaS5nb3YvY29udGFjdC11cy9maWVsZC1vZmZpY2VzL3NwcmluZ2ZpZWxkL25ld3MvbGF3LWVuZm9yY2VtZW50LXNlZWtpbmctaW5mb3JtYXRpb24tb24tYmFuay1yb2JiZXJ5LXN1YmplY3TSAQA?oc=5," href=""https://news.google.com/rss/articles/CBMieWh0dHBzOi8vd3d3LmZiaS5nb3YvY29udGFjdC11cy9maWVsZC1vZmZpY2VzL3NwcmluZ2ZpZWxkL25ld3MvbGF3LWVuZm9yY2VtZW50LXNlZWtpbmctaW5mb3JtYXRpb24tb24tYmFuay1yb2JiZXJ5LXN1YmplY3TSAQA?oc=5"" target=""_blank"">Law Enforcement Seeking Information on Bank Robbery Subject ...</a>&nbsp;&nbsp;<font color=""#6f6f6f"">Federal Bureau of Investigation</font",2023-06-13 07:00:00+00:00,Federal Bureau of Investigation
4 arrested in Kent after armed robbery at a Bellevue marijuana ... - Kent Reporter,https://news.google.com/rss/articles/CBMibGh0dHBzOi8vd3d3LmtlbnRyZXBvcnRlci5jb20vbmV3cy80LWFycmVzdGVkLWluLWtlbnQtYWZ0ZXItYXJtZWQtcm9iYmVyeS1hdC1hLWJlbGxldnVlLW1hcmlqdWFuYS1kaXNwZW5zYXJ5L9IBAA?oc=5," href=""https://news.google.com/rss/articles/CBMibGh0dHBzOi8vd3d3LmtlbnRyZXBvcnRlci5jb20vbmV3cy80LWFycmVzdGVkLWluLWtlbnQtYWZ0ZXItYXJtZWQtcm9iYmVyeS1hdC1hLWJlbGxldnVlLW1hcmlqdWFuYS1kaXNwZW5zYXJ5L9IBAA?oc=5"" target=""_blank"">4 arrested in Kent after armed robbery at a Bellevue marijuana ...</a>&nbsp;&nbsp;<font color=""#6f6f6f"">Kent Reporter</font",2023-06-06 07:00:00+00:00,Kent Reporter
Anderson armed robbery suspect who flipped car during I-69 charged - WTHR,https://news.google.com/rss/articles/CBMilQFodHRwczovL3d3dy53dGhyLmNvbS9hcnRpY2xlL25ld3MvY3JpbWUvYW5kZXJzb24taW5kaWFuYS1hcm1lZC1yb2JiZXJ5LXN1c3BlY3QtZmxpcHMtY2FyLWR1cmluZy1pLTY5LXB1cnN1aXQvNTMxLTg0MDE1MDc5LWVjMWEtNDY1MS05NjlhLTIxODY5MzhlNGFmMtIBmQFodHRwczovL3d3dy53dGhyLmNvbS9hbXAvYXJ0aWNsZS9uZXdzL2NyaW1lL2FuZGVyc29uLWluZGlhbmEtYXJtZWQtcm9iYmVyeS1zdXNwZWN0LWZsaXBzLWNhci1kdXJpbmctaS02OS1wdXJzdWl0LzUzMS04NDAxNTA3OS1lYzFhLTQ2NTEtOTY5YS0yMTg2OTM4ZTRhZjI?oc=5," href=""https://news.google.com/rss/articles/CBMilQFodHRwczovL3d3dy53dGhyLmNvbS9hcnRpY2xlL25ld3MvY3JpbWUvYW5kZXJzb24taW5kaWFuYS1hcm1lZC1yb2JiZXJ5LXN1c3BlY3QtZmxpcHMtY2FyLWR1cmluZy1pLTY5LXB1cnN1aXQvNTMxLTg0MDE1MDc5LWVjMWEtNDY1MS05NjlhLTIxODY5MzhlNGFmMtIBmQFodHRwczovL3d3dy53dGhyLmNvbS9hbXAvYXJ0aWNsZS9uZXdzL2NyaW1lL2FuZGVyc29uLWluZGlhbmEtYXJtZWQtcm9iYmVyeS1zdXNwZWN0LWZsaXBzLWNhci1kdXJpbmctaS02OS1wdXJzdWl0LzUzMS04NDAxNTA3OS1lYzFhLTQ2NTEtOTY5YS0yMTg2OTM4ZTRhZjI?oc=5"" target=""_blank"">Anderson armed robbery suspect who flipped car during I-69 charged</a>&nbsp;&nbsp;<font color=""#6f6f6f"">WTHR</font",2023-06-07 07:00:00+00:00,WTHR
2 San Francisco men arrested in connection with Millbrae armed robbery - CBS San Francisco,https://news.google.com/rss/articles/CBMicWh0dHBzOi8vd3d3LmNic25ld3MuY29tL3NhbmZyYW5jaXNjby9uZXdzLzItc2FuLWZyYW5jaXNjby1tZW4tYXJyZXN0ZWQtaW4tY29ubmVjdGlvbi13aXRoLW1pbGxicmFlLWFybWVkLXJvYmJlcnkv0gF1aHR0cHM6Ly93d3cuY2JzbmV3cy5jb20vYW1wL3NhbmZyYW5jaXNjby9uZXdzLzItc2FuLWZyYW5jaXNjby1tZW4tYXJyZXN0ZWQtaW4tY29ubmVjdGlvbi13aXRoLW1pbGxicmFlLWFybWVkLXJvYmJlcnkv?oc=5," href=""https://news.google.com/rss/articles/CBMicWh0dHBzOi8vd3d3LmNic25ld3MuY29tL3NhbmZyYW5jaXNjby9uZXdzLzItc2FuLWZyYW5jaXNjby1tZW4tYXJyZXN0ZWQtaW4tY29ubmVjdGlvbi13aXRoLW1pbGxicmFlLWFybWVkLXJvYmJlcnkv0gF1aHR0cHM6Ly93d3cuY2JzbmV3cy5jb20vYW1wL3NhbmZyYW5jaXNjby9uZXdzLzItc2FuLWZyYW5jaXNjby1tZW4tYXJyZXN0ZWQtaW4tY29ubmVjdGlvbi13aXRoLW1pbGxicmFlLWFybWVkLXJvYmJlcnkv?oc=5"" target=""_blank"">2 San Francisco men arrested in connection with Millbrae armed robbery</a>&nbsp;&nbsp;<font color=""#6f6f6f"">CBS San Francisco</font",2023-06-09 07:00:00+00:00,CBS San Francisco
A polite robbery? Holland gas station clerk makes deal with robber - WTOL,https://news.google.com/rss/articles/CBMihgFodHRwczovL3d3dy53dG9sLmNvbS9hcnRpY2xlL25ld3MvbG9jYWwvaG9sbGFuZC1nYXMtc3RhdGlvbi1jbGVyay10YWxrcy1yb2JiZXItb3V0LW9mLXJvYmJlcnkvNTEyLTIxMGQ3NjEyLTI0MWQtNDQ4OC1iNTZlLTczZjdiNTU2MGYxZdIBigFodHRwczovL3d3dy53dG9sLmNvbS9hbXAvYXJ0aWNsZS9uZXdzL2xvY2FsL2hvbGxhbmQtZ2FzLXN0YXRpb24tY2xlcmstdGFsa3Mtcm9iYmVyLW91dC1vZi1yb2JiZXJ5LzUxMi0yMTBkNzYxMi0yNDFkLTQ0ODgtYjU2ZS03M2Y3YjU1NjBmMWU?oc=5," href=""https://news.google.com/rss/articles/CBMihgFodHRwczovL3d3dy53dG9sLmNvbS9hcnRpY2xlL25ld3MvbG9jYWwvaG9sbGFuZC1nYXMtc3RhdGlvbi1jbGVyay10YWxrcy1yb2JiZXItb3V0LW9mLXJvYmJlcnkvNTEyLTIxMGQ3NjEyLTI0MWQtNDQ4OC1iNTZlLTczZjdiNTU2MGYxZdIBigFodHRwczovL3d3dy53dG9sLmNvbS9hbXAvYXJ0aWNsZS9uZXdzL2xvY2FsL2hvbGxhbmQtZ2FzLXN0YXRpb24tY2xlcmstdGFsa3Mtcm9iYmVyLW91dC1vZi1yb2JiZXJ5LzUxMi0yMTBkNzYxMi0yNDFkLTQ0ODgtYjU2ZS03M2Y3YjU1NjBmMWU?oc=5"" target=""_blank"">A polite robbery? Holland gas station clerk makes deal with robber</a>&nbsp;&nbsp;<font color=""#6f6f6f"">WTOL</font",2023-07-12 07:00:00+00:00,WTOL
Armed robbery suspect arrested after chase ends near Coloma - WNDU,https://news.google.com/rss/articles/CBMiXGh0dHBzOi8vd3d3LnduZHUuY29tLzIwMjMvMDYvMTUvYXJtZWQtcm9iYmVyeS1zdXNwZWN0LWFycmVzdGVkLWFmdGVyLWNoYXNlLWVuZHMtbmVhci1jb2xvbWEv0gFraHR0cHM6Ly93d3cud25kdS5jb20vMjAyMy8wNi8xNS9hcm1lZC1yb2JiZXJ5LXN1c3BlY3QtYXJyZXN0ZWQtYWZ0ZXItY2hhc2UtZW5kcy1uZWFyLWNvbG9tYS8_b3V0cHV0VHlwZT1hbXA?oc=5," href=""https://news.google.com/rss/articles/CBMiXGh0dHBzOi8vd3d3LnduZHUuY29tLzIwMjMvMDYvMTUvYXJtZWQtcm9iYmVyeS1zdXNwZWN0LWFycmVzdGVkLWFmdGVyLWNoYXNlLWVuZHMtbmVhci1jb2xvbWEv0gFraHR0cHM6Ly93d3cud25kdS5jb20vMjAyMy8wNi8xNS9hcm1lZC1yb2JiZXJ5LXN1c3BlY3QtYXJyZXN0ZWQtYWZ0ZXItY2hhc2UtZW5kcy1uZWFyLWNvbG9tYS8_b3V0cHV0VHlwZT1hbXA?oc=5"" target=""_blank"">Armed robbery suspect arrested after chase ends near Coloma</a>&nbsp;&nbsp;<font color=""#6f6f6f"">WNDU</font",2023-06-15 07:00:00+00:00,WNDU
75-year-old man stops attempted armed robbery and carjacking in ... - WKBW 7 News Buffalo,https://news.google.com/rss/articles/CBMicGh0dHBzOi8vd3d3LndrYncuY29tL25ld3MvbG9jYWwtbmV3cy83NS15ZWFyLW9sZC1tYW4tc3RvcHMtYXR0ZW1wdGVkLWFybWVkLXJvYmJlcnktYW5kLWNhcmphY2tpbmctaW4td2VzdC1zZW5lY2HSAQA?oc=5," href=""https://news.google.com/rss/articles/CBMicGh0dHBzOi8vd3d3LndrYncuY29tL25ld3MvbG9jYWwtbmV3cy83NS15ZWFyLW9sZC1tYW4tc3RvcHMtYXR0ZW1wdGVkLWFybWVkLXJvYmJlcnktYW5kLWNhcmphY2tpbmctaW4td2VzdC1zZW5lY2HSAQA?oc=5"" target=""_blank"">75-year-old man stops attempted armed robbery and carjacking in ...</a>&nbsp;&nbsp;<font color=""#6f6f6f"">WKBW 7 News Buffalo</font",2023-07-19 16:14:00+00:00,WKBW 7 News Buffalo
Arrest made in 14 armed robbery cases across Georgia - WTOC,https://news.google.com/rss/articles/CBMiUmh0dHBzOi8vd3d3Lnd0b2MuY29tLzIwMjMvMDYvMjMvYXJyZXN0LW1hZGUtMTQtYXJtZWQtcm9iYmVyeS1jYXNlcy1hY3Jvc3MtZ2VvcmdpYS_SAWFodHRwczovL3d3dy53dG9jLmNvbS8yMDIzLzA2LzIzL2FycmVzdC1tYWRlLTE0LWFybWVkLXJvYmJlcnktY2FzZXMtYWNyb3NzLWdlb3JnaWEvP291dHB1dFR5cGU9YW1w?oc=5," href=""https://news.google.com/rss/articles/CBMiUmh0dHBzOi8vd3d3Lnd0b2MuY29tLzIwMjMvMDYvMjMvYXJyZXN0LW1hZGUtMTQtYXJtZWQtcm9iYmVyeS1jYXNlcy1hY3Jvc3MtZ2VvcmdpYS_SAWFodHRwczovL3d3dy53dG9jLmNvbS8yMDIzLzA2LzIzL2FycmVzdC1tYWRlLTE0LWFybWVkLXJvYmJlcnktY2FzZXMtYWNyb3NzLWdlb3JnaWEvP291dHB1dFR5cGU9YW1w?oc=5"" target=""_blank"">Arrest made in 14 armed robbery cases across Georgia</a>&nbsp;&nbsp;<font color=""#6f6f6f"">WTOC</font",2023-06-23 07:00:00+00:00,WTOC
"Walgreens in Madisonville experiences armed robbery, police say - 14 News WFIE Evansville",https://news.google.com/rss/articles/CBMiXmh0dHBzOi8vd3d3LjE0bmV3cy5jb20vMjAyMy8wNi8xOS93YWxncmVlbnMtbWFkaXNvbnZpbGxlLWV4cGVyaWVuY2VzLWFybWVkLXJvYmJlcnktcG9saWNlLXNheS_SAW1odHRwczovL3d3dy4xNG5ld3MuY29tLzIwMjMvMDYvMTkvd2FsZ3JlZW5zLW1hZGlzb252aWxsZS1leHBlcmllbmNlcy1hcm1lZC1yb2JiZXJ5LXBvbGljZS1zYXkvP291dHB1dFR5cGU9YW1w?oc=5," href=""https://news.google.com/rss/articles/CBMiXmh0dHBzOi8vd3d3LjE0bmV3cy5jb20vMjAyMy8wNi8xOS93YWxncmVlbnMtbWFkaXNvbnZpbGxlLWV4cGVyaWVuY2VzLWFybWVkLXJvYmJlcnktcG9saWNlLXNheS_SAW1odHRwczovL3d3dy4xNG5ld3MuY29tLzIwMjMvMDYvMTkvd2FsZ3JlZW5zLW1hZGlzb252aWxsZS1leHBlcmllbmNlcy1hcm1lZC1yb2JiZXJ5LXBvbGljZS1zYXkvP291dHB1dFR5cGU9YW1w?oc=5"" target=""_blank"">Walgreens in Madisonville experiences armed robbery, police say</a>&nbsp;&nbsp;<font color=""#6f6f6f"">14 News WFIE Evansville</font",2023-06-18 07:00:00+00:00,14 News WFIE Evansville
"Ongoing Decline in Gulf of Guinea's Piracy, Armed Robbery ... - United Nations",https://news.google.com/rss/articles/CBMiLGh0dHBzOi8vcHJlc3MudW4ub3JnL2VuLzIwMjMvc2MxNTMzMS5kb2MuaHRt0gEA?oc=5," href=""https://news.google.com/rss/articles/CBMiLGh0dHBzOi8vcHJlc3MudW4ub3JnL2VuLzIwMjMvc2MxNTMzMS5kb2MuaHRt0gEA?oc=5"" target=""_blank"">Ongoing Decline in Gulf of Guinea's Piracy, Armed Robbery ...</a>&nbsp;&nbsp;<font color=""#6f6f6f"">United Nations</font",2023-06-21 07:00:00+00:00,United Nations
Pennsylvania Man Pleads Guilty to Bank Robbery Conspiracy - Department of Justice,https://news.google.com/rss/articles/CBMiW2h0dHBzOi8vd3d3Lmp1c3RpY2UuZ292L3VzYW8tbmRueS9wci9wZW5uc3lsdmFuaWEtbWFuLXBsZWFkcy1ndWlsdHktYmFuay1yb2JiZXJ5LWNvbnNwaXJhY3nSAQA?oc=5," href=""https://news.google.com/rss/articles/CBMiW2h0dHBzOi8vd3d3Lmp1c3RpY2UuZ292L3VzYW8tbmRueS9wci9wZW5uc3lsdmFuaWEtbWFuLXBsZWFkcy1ndWlsdHktYmFuay1yb2JiZXJ5LWNvbnNwaXJhY3nSAQA?oc=5"" target=""_blank"">Pennsylvania Man Pleads Guilty to Bank Robbery Conspiracy</a>&nbsp;&nbsp;<font color=""#6f6f6f"">Department of Justice</font",2023-06-23 07:00:00+00:00,Department of Justice
Troopers Arrest Suspect for Gas Station Robbery - Delaware State ... - Delaware.gov,https://news.google.com/rss/articles/CBMiVGh0dHBzOi8vZHNwLmRlbGF3YXJlLmdvdi8yMDIzLzA2LzA2L3Ryb29wZXJzLWFycmVzdC1zdXNwZWN0LWZvci1nYXMtc3RhdGlvbi1yb2JiZXJ5L9IBAA?oc=5," href=""https://news.google.com/rss/articles/CBMiVGh0dHBzOi8vZHNwLmRlbGF3YXJlLmdvdi8yMDIzLzA2LzA2L3Ryb29wZXJzLWFycmVzdC1zdXNwZWN0LWZvci1nYXMtc3RhdGlvbi1yb2JiZXJ5L9IBAA?oc=5"" target=""_blank"">Troopers Arrest Suspect for Gas Station Robbery - Delaware State ...</a>&nbsp;&nbsp;<font color=""#6f6f6f"">Delaware.gov</font",2023-06-06 07:00:00+00:00,Delaware.gov
"Man robbed, hit by vehicle after leaving Northwest Side bank with ... - KSAT San Antonio",https://news.google.com/rss/articles/CBMiiAFodHRwczovL3d3dy5rc2F0LmNvbS9uZXdzL2xvY2FsLzIwMjMvMDYvMTQvbWFuLXJvYmJlZC1oaXQtYnktdmVoaWNsZS1hZnRlci1sZWF2aW5nLW5vcnRod2VzdC1zaWRlLWJhbmstd2l0aC1iYWctZnVsbC1vZi1tb25leS1zYXBkLXNheXMv0gEA?oc=5," href=""https://news.google.com/rss/articles/CBMiiAFodHRwczovL3d3dy5rc2F0LmNvbS9uZXdzL2xvY2FsLzIwMjMvMDYvMTQvbWFuLXJvYmJlZC1oaXQtYnktdmVoaWNsZS1hZnRlci1sZWF2aW5nLW5vcnRod2VzdC1zaWRlLWJhbmstd2l0aC1iYWctZnVsbC1vZi1tb25leS1zYXBkLXNheXMv0gEA?oc=5"" target=""_blank"">Man robbed, hit by vehicle after leaving Northwest Side bank with ...</a>&nbsp;&nbsp;<font color=""#6f6f6f"">KSAT San Antonio</font",2023-06-14 07:00:00+00:00,KSAT San Antonio
(UPDATE) Police Seek Public's Help in Locating Shooting Suspect ... - seattle.gov,https://news.google.com/rss/articles/CBMiSGh0dHBzOi8vc3BkYmxvdHRlci5zZWF0dGxlLmdvdi8yMDIzLzA2LzAxL21hbi1zaG90LW1pZGRheS1pbi1maXJzdC1oaWxsL9IBAA?oc=5," href=""https://news.google.com/rss/articles/CBMiSGh0dHBzOi8vc3BkYmxvdHRlci5zZWF0dGxlLmdvdi8yMDIzLzA2LzAxL21hbi1zaG90LW1pZGRheS1pbi1maXJzdC1oaWxsL9IBAA?oc=5"" target=""_blank"">(UPDATE) Police Seek Public's Help in Locating Shooting Suspect ...</a>&nbsp;&nbsp;<font color=""#6f6f6f"">seattle.gov</font",2023-06-01 07:00:00+00:00,seattle.gov
MPD seeks public’s help finding Waffle House robbery suspect - Fox 10 News,https://news.google.com/rss/articles/CBMiWWh0dHBzOi8vd3d3LmZveDEwdHYuY29tLzIwMjMvMDYvMTUvbXBkLWd1bm1hbi1maXJlcy1zaG90LWludG8tY2VpbGluZy1yZXN0YXVyYW50LXJvYmJlcnkv0gFoaHR0cHM6Ly93d3cuZm94MTB0di5jb20vMjAyMy8wNi8xNS9tcGQtZ3VubWFuLWZpcmVzLXNob3QtaW50by1jZWlsaW5nLXJlc3RhdXJhbnQtcm9iYmVyeS8_b3V0cHV0VHlwZT1hbXA?oc=5," href=""https://news.google.com/rss/articles/CBMiWWh0dHBzOi8vd3d3LmZveDEwdHYuY29tLzIwMjMvMDYvMTUvbXBkLWd1bm1hbi1maXJlcy1zaG90LWludG8tY2VpbGluZy1yZXN0YXVyYW50LXJvYmJlcnkv0gFoaHR0cHM6Ly93d3cuZm94MTB0di5jb20vMjAyMy8wNi8xNS9tcGQtZ3VubWFuLWZpcmVzLXNob3QtaW50by1jZWlsaW5nLXJlc3RhdXJhbnQtcm9iYmVyeS8_b3V0cHV0VHlwZT1hbXA?oc=5"" target=""_blank"">MPD seeks public’s help finding Waffle House robbery suspect</a>&nbsp;&nbsp;<font color=""#6f6f6f"">Fox 10 News</font",2023-06-15 07:00:00+00:00,Fox 10 News
Armed suspects steal $15k during armored truck robbery in Hyde Park - CBS News,https://news.google.com/rss/articles/CBMia2h0dHBzOi8vd3d3LmNic25ld3MuY29tL2xvc2FuZ2VsZXMvbmV3cy9hcm1lZC1zdXNwZWN0cy1zdGVhbC0xNWstZHVyaW5nLWFybW9yZWQtdHJ1Y2stcm9iYmVyeS1pbi1oeWRlLXBhcmsv0gFvaHR0cHM6Ly93d3cuY2JzbmV3cy5jb20vYW1wL2xvc2FuZ2VsZXMvbmV3cy9hcm1lZC1zdXNwZWN0cy1zdGVhbC0xNWstZHVyaW5nLWFybW9yZWQtdHJ1Y2stcm9iYmVyeS1pbi1oeWRlLXBhcmsv?oc=5," href=""https://news.google.com/rss/articles/CBMia2h0dHBzOi8vd3d3LmNic25ld3MuY29tL2xvc2FuZ2VsZXMvbmV3cy9hcm1lZC1zdXNwZWN0cy1zdGVhbC0xNWstZHVyaW5nLWFybW9yZWQtdHJ1Y2stcm9iYmVyeS1pbi1oeWRlLXBhcmsv0gFvaHR0cHM6Ly93d3cuY2JzbmV3cy5jb20vYW1wL2xvc2FuZ2VsZXMvbmV3cy9hcm1lZC1zdXNwZWN0cy1zdGVhbC0xNWstZHVyaW5nLWFybW9yZWQtdHJ1Y2stcm9iYmVyeS1pbi1oeWRlLXBhcmsv?oc=5"" target=""_blank"">Armed suspects steal $15k during armored truck robbery in Hyde Park</a>&nbsp;&nbsp;<font color=""#6f6f6f"">CBS News</font",2023-06-10 07:00:00+00:00,CBS News
"60 shots, 2 wounded, 1 dead, 6 arrested after Bradenton robbery - Tampa Bay Times",https://news.google.com/rss/articles/CBMibGh0dHBzOi8vd3d3LnRhbXBhYmF5LmNvbS9uZXdzL2NyaW1lLzIwMjMvMDYvMjMvNjAtc2hvdHMtMi13b3VuZGVkLTEtZGVhZC02LWFycmVzdGVkLWFmdGVyLWJyYWRlbnRvbi1yb2JiZXJ5L9IBe2h0dHBzOi8vd3d3LnRhbXBhYmF5LmNvbS9uZXdzL2NyaW1lLzIwMjMvMDYvMjMvNjAtc2hvdHMtMi13b3VuZGVkLTEtZGVhZC02LWFycmVzdGVkLWFmdGVyLWJyYWRlbnRvbi1yb2JiZXJ5Lz9vdXRwdXRUeXBlPWFtcA?oc=5," href=""https://news.google.com/rss/articles/CBMibGh0dHBzOi8vd3d3LnRhbXBhYmF5LmNvbS9uZXdzL2NyaW1lLzIwMjMvMDYvMjMvNjAtc2hvdHMtMi13b3VuZGVkLTEtZGVhZC02LWFycmVzdGVkLWFmdGVyLWJyYWRlbnRvbi1yb2JiZXJ5L9IBe2h0dHBzOi8vd3d3LnRhbXBhYmF5LmNvbS9uZXdzL2NyaW1lLzIwMjMvMDYvMjMvNjAtc2hvdHMtMi13b3VuZGVkLTEtZGVhZC02LWFycmVzdGVkLWFmdGVyLWJyYWRlbnRvbi1yb2JiZXJ5Lz9vdXRwdXRUeXBlPWFtcA?oc=5"" target=""_blank"">60 shots, 2 wounded, 1 dead, 6 arrested after Bradenton robbery</a>&nbsp;&nbsp;<font color=""#6f6f6f"">Tampa Bay Times</font",2023-06-23 07:00:00+00:00,Tampa Bay Times
